ID	env	paniclelength	numberofprimary	secondarybranchnumber	primarybranchlength	secondarybranchlength	spikeletsperprimarybranch	spikeletspersecondarybranch	spikeletsperpanicle
W129	2013HN	19.53333333	8	10	8.8	2.65	6	3.166666667	12.00390625
W281	2013HN	18.8	8.666666667	8	8.166666667	2	5.333333333	2.5	30.22222222
W045	2013HN	17.9	5.333333333	7.666666667	6.54	2.2	4.8	2.6	34.93333333
C089	2013HN	19.16666667	6.333333333	10	7.55	2.233333333	4.666666667	3.333333333	35.25454545
W282	2013HN	15.2	NA	NA	NA	NA	NA	NA	35.98076923
C036	2013HN	16.1	7	10	7.266666667	1.583333333	5.5	1.5	37.08333333
W280	2013HN	16.66666667	8	14	8.433333333	2.633333333	5.166666667	3.666666667	37.81818182
W059	2013HN	16.2	6.666666667	8.666666667	6.9	2.183333333	5	3.333333333	38.18181818
W328	2013HN	21.23333333	7.333333333	7.333333333	7.233333333	2.45	5.666666667	2.833333333	39.77272727
C064	2013HN	13.23333333	7.333333333	9.333333333	5.85	1.583333333	5.333333333	2.833333333	41.25925926
C100	2013HN	19.5	5.333333333	14.33333333	9.35	3.433333333	4.833333333	4	41.82352941
C114	2013HN	16.16666667	7	13.66666667	7.533333333	2.266666667	5.5	2.666666667	42.78571429
C150	2013HN	13.8	9.666666667	15.66666667	5.833333333	1.616666667	6	3.5	42.89285714
W246	2013HN	17.96666667	5.666666667	11	8.716666667	2.633333333	6	3.666666667	43
W130	2013HN	17.06666667	6.666666667	11.33333333	8.266666667	2.35	5.166666667	2.833333333	44.33333333
C075	2013HN	17.4	11.66666667	19.66666667	7.066666667	1.666666667	5.833333333	2.666666667	45.16666667
C054	2013HN	13	8.666666667	12	5.733333333	1.8	5.5	3	45.31578947
W016	2013HN	15.03333333	6.666666667	11.66666667	7.833333333	2.85	5.333333333	3.833333333	45.72727273
C018	2013HN	14.23333333	5.666666667	9	6.083333333	1.633333333	5.833333333	3	45.89285714
W106	2013HN	18.03333333	7.666666667	15.33333333	8.533333333	2.933333333	4.166666667	3.5	46.42105263
C129	2013HN	19.13333333	6.666666667	12.33333333	8.283333333	2.733333333	5.833333333	3.666666667	47.25
W063	2013HN	19.86666667	7.333333333	12	8.3	2.2	5.666666667	3	47.28571429
C035	2013HN	18.76666667	13.33333333	5.666666667	6.766666667	0.95	5.833333333	1.666666667	48.02631579
W272	2013HN	17.63333333	6.333333333	10.33333333	8.033333333	2.266666667	5.666666667	3.333333333	48.36666667
W305	2013HN	14.56666667	9.333333333	10.66666667	5.95	1.35	5.666666667	2.666666667	49.7
C099	2013HN	17.96666667	7	8.666666667	7.016666667	2.1	5.833333333	2.833333333	49.82352941
C016	2013HN	12.76666667	5	12.66666667	8.083333333	2.833333333	5.166666667	4.166666667	49.875
C154	2013HN	12.26666667	5.333333333	16.66666667	7.18	2.32	4.6	4	51.0952381
C071	2013HN	16.03333333	8	11.33333333	6.65	2.266666667	5.5	3.333333333	51.15384615
C120	2013HN	16.4	9.333333333	18.66666667	9.1	2.35	5.5	4	51.32758621
W316	2013HN	19.16666667	6.333333333	9.666666667	9.633333333	2.7	6	3	51.82352941
C013	2013HN	17.26666667	5	15	8.633333333	2.333333333	5	4.666666667	51.95454545
C146	2013HN	16.2	8	12.66666667	7.483333333	2.133333333	5.333333333	3	52.86666667
C117	2013HN	15.25	6.5	16	9.35	2.95	4.833333333	3.5	53.28571429
W261	2013HN	20.16666667	6.666666667	13.66666667	9.9	2.466666667	5.5	2.333333333	54.04166667
W088	2013HN	15.46666667	8.666666667	14	7.283333333	2.216666667	6	3.666666667	54.09090909
W056	2013HN	15.73333333	9.666666667	21	6.7	1.883333333	5.5	3.5	54.71428571
C097	2013HN	20.5	7	15.33333333	8.883333333	2.766666667	4.666666667	3	55.16129032
C096	2013HN	17.76666667	6.666666667	6	7.916666667	2.3	5.5	2.833333333	55.96153846
C159	2013HN	18.53333333	7.666666667	14	9.533333333	2.6	6	2.666666667	57
W162	2013HN	15.26666667	11.66666667	11.66666667	5.116666667	1.516666667	5.333333333	2.333333333	57.05263158
W226	2013HN	19.33333333	10	18.33333333	9.066666667	2.15	6	3	57.14545455
W326	2013HN	25.36666667	5.333333333	11.66666667	10.13333333	2.916666667	5.333333333	3.5	57.41666667
W115	2013HN	19.9	6.333333333	16	8.65	2.516666667	5	2.833333333	57.63157895
C034	2013HN	18.9	8	12.33333333	8.716666667	2.333333333	5.333333333	3	57.71428571
W038	2013HN	19.86666667	9	15	8.383333333	1.75	5.833333333	3	58
C055	2013HN	17.06666667	6.333333333	9	8.8	2.75	5.666666667	3.833333333	58.04166667
C192	2013HN	17.5	6.666666667	22.33333333	8.966666667	3.533333333	4.833333333	4.333333333	58.37142857
C003	2013HN	23.53333333	6.333333333	13.66666667	12.5	3.766666667	6.166666667	3.666666667	59.28571429
C052	2013HN	13.9	9.333333333	22	6.316666667	2.1	5.333333333	4.5	59.5
W262	2013HN	17.56666667	7.333333333	15.33333333	7.666666667	2.383333333	6	3	60.66666667
C156	2013HN	17.66666667	6.333333333	11.66666667	8.483333333	2.55	5.166666667	3.333333333	61.8
W050	2013HN	21.63333333	7	9	9.733333333	2.766666667	6.833333333	3.333333333	61.80952381
C067	2013HN	18.2	7.666666667	15.66666667	6.966666667	2.25	5.666666667	4	62.83333333
W209	2013HN	19.86666667	9	22.33333333	6.833333333	2.35	5	4.333333333	63.06382979
C015	2013HN	19.76666667	8	16.66666667	9.666666667	2.733333333	5.333333333	3.333333333	63.91666667
W083	2013HN	20.13333333	9.666666667	21.66666667	9.083333333	2.566666667	6	2.833333333	65.36363636
W077	2013HN	22.36666667	8.333333333	15.66666667	12.11666667	3.6	6.166666667	3	65.42
C098	2013HN	20.3	7.666666667	14.66666667	7.916666667	2.333333333	5.333333333	3.333333333	65.65625
C019	2013HN	18.9	6.333333333	17	9.833333333	2.916666667	5.666666667	3	65.72
W028	2013HN	21.86666667	7	18.66666667	10.6	3.066666667	5.833333333	3.333333333	65.83333333
W220	2013HN	21.5	8.333333333	14.66666667	12.11666667	3.766666667	5.833333333	3.166666667	66.86842105
W068	2013HN	NA	NA	NA	NA	NA	NA	NA	67.64705882
W014	2013HN	19	8.333333333	25.66666667	8.316666667	2.916666667	5.166666667	3.333333333	67.94642857
C157	2013HN	17.56666667	7.666666667	16.33333333	9.95	2.85	5.666666667	3.166666667	68.38888889
C057	2013HN	17.63333333	8.333333333	19.33333333	8.5	2.3	5	3	69.2
W080	2013HN	21.43333333	9.333333333	17	10.16666667	2.633333333	5.666666667	2.833333333	69.20512821
C044	2013HN	21.33333333	9.666666667	27	9.2	2.45	5.666666667	3.5	69.25
C032	2013HN	19.1	13	22.33333333	8.55	2.583333333	4.666666667	3.333333333	70.125
C158	2013HN	18.2	6.666666667	12.66666667	8.866666667	2.566666667	5.5	2.833333333	70.20833333
C102	2013HN	17	8.333333333	21.66666667	7.08	2.366666667	5.333333333	3.666666667	70.51515152
W136	2013HN	21.43333333	9	13.66666667	7.533333333	1.783333333	5.833333333	2.833333333	70.66666667
C022	2013HN	19.2	8	18.33333333	8.666666667	2.833333333	4.666666667	2.5	70.85714286
W133	2013HN	22.96666667	10	16.66666667	9.6	1.866666667	6.333333333	2	70.92857143
W090	2013HN	19.13333333	6.333333333	8.333333333	9.15	2.133333333	5.666666667	2.666666667	71.3877551
W274	2013HN	17.26666667	7.333333333	14	8.65	2.283333333	6	2.833333333	71.625
C112	2013HN	17.66666667	7.666666667	14.33333333	9.416666667	2.583333333	5.333333333	2.666666667	71.95833333
W253	2013HN	25.03333333	12.66666667	20.33333333	10.6	2.516666667	5.833333333	3.166666667	72
C113	2013HN	20.46666667	7	14.66666667	9.266666667	2.416666667	5.166666667	2.666666667	72.4
W072	2013HN	17.2	6.666666667	17.66666667	7.816666667	2.84	4.333333333	4.666666667	72.6875
C116	2013HN	13.53333333	11	22	6	1.666666667	6	3.333333333	72.76666667
W107	2013HN	23.4	8.333333333	26.33333333	12.21666667	3.35	6	4	73.825
C145	2013HN	20.86666667	10.66666667	28.33333333	9.716666667	2.95	5.5	3.166666667	74
C046	2013HN	18.93333333	7.333333333	22.33333333	10.98333333	3.7	5.5	3.833333333	74.20689655
C066	2013HN	24.86666667	11	22.66666667	10.31666667	2.916666667	6.666666667	3.166666667	74.22857143
W081	2013HN	25.66666667	7.333333333	14.33333333	12	3.3	6	3.333333333	74.66666667
W143	2013HN	20.63333333	7.666666667	22.33333333	11.53333333	3.9	5.5	3.833333333	74.76666667
W249	2013HN	20.6	9.666666667	16.66666667	8.65	2.433333333	6	3	75.66666667
W139	2013HN	16.1	8.666666667	13.33333333	8.383333333	2.3	5.5	4	75.66666667
C020	2013HN	17.03333333	7.666666667	14	8.2	2.45	6.166666667	3	75.75
W292	2013HN	21.63333333	7.333333333	19	10.43333333	3.083333333	6.166666667	3.5	76.06896552
W003	2013HN	25.8	12	33	10.46666667	2.833333333	5.833333333	3.333333333	76.42857143
C160	2013HN	19.1	8	19.66666667	9.716666667	3.1	5.333333333	3.666666667	76.89473684
W219	2013HN	23.6	9.666666667	18.66666667	9.683333333	2.933333333	6	2.833333333	77.46153846
W256	2013HN	24.9	8	15.33333333	12.36666667	3.95	5.333333333	4.333333333	78.18181818
W175	2013HN	22.53333333	6.666666667	15.33333333	10.3	3.15	5.833333333	3.5	78.21875
C194	2013HN	21.46666667	8.666666667	19	8.85	2.533333333	6	3.166666667	78.3
W104	2013HN	21.4	7.666666667	20.66666667	10.08333333	2.833333333	5.5	4.5	78.45454545
W269	2013HN	20.16666667	8	24.33333333	10.08333333	2.916666667	4.666666667	3.166666667	78.56521739
C161	2013HN	20.2	7.666666667	17.66666667	8.216666667	1.783333333	5.666666667	2.166666667	79.75
W094	2013HN	22.53333333	7.666666667	18.66666667	9.933333333	2.433333333	5	2.666666667	80.75
W301	2013HN	23.9	7.666666667	22.33333333	12.06666667	3.833333333	4.833333333	3.333333333	80.81818182
W034	2013HN	22.93333333	6.666666667	17	10.05	2.783333333	5.666666667	3.166666667	80.90909091
W235	2013HN	21.73333333	8.333333333	20	9.25	2.15	6	3	81.70833333
C155	2013HN	18.36666667	8	17.33333333	9.666666667	2.333333333	5	2.5	81.8
W029	2013HN	26.56666667	9.333333333	28	11.48333333	2.783333333	6.166666667	3.333333333	81.90322581
W073	2013HN	22.26666667	8.333333333	24	11.28333333	3.35	5	3.333333333	81.96666667
C078	2013HN	20.7	10	30	8.35	2.233333333	4.833333333	3.166666667	82.26666667
W283	2013HN	17.4	11	23.5	7.983333333	2.083333333	5.5	4.5	82.5
C106	2013HN	19.86666667	9.333333333	19.66666667	8.566666667	2.783333333	5.333333333	4.666666667	82.77777778
W164	2013HN	18.06666667	6.333333333	25	9.033333333	3.25	4.333333333	4.166666667	82.93333333
W066	2013HN	20.1	6.666666667	18	10.41666667	3.05	5.833333333	4	83.05882353
W071	2013HN	21.83333333	6.333333333	20.33333333	11	3.266666667	5.333333333	4.833333333	83.09433962
W108	2013HN	21.23333333	9	20.66666667	9.516666667	2.783333333	6	3.833333333	83.51612903
C139	2013HN	22	8.666666667	18.33333333	9.533333333	2.916666667	5.833333333	3	83.62962963
C128	2013HN	19.75	9.5	18	10.85	2.783333333	5.833333333	3	83.85
W203	2013HN	19.7	9.333333333	20	9.716666667	2.6	5.5	3.166666667	84.32142857
W042	2013HN	21.56666667	10.33333333	23.66666667	10.06666667	2.2	6.166666667	3	84.36363636
W271	2013HN	17.96666667	7.333333333	21.33333333	10.225	3.375	5.333333333	4.666666667	84.44444444
W087	2013HN	16.46666667	9	20.33333333	8.516666667	2.6	5.833333333	3.166666667	84.46666667
W258	2013HN	25.03333333	9	18	13.26666667	4.1	6.333333333	4.5	85.04347826
W183	2013HN	23.3	8	26.33333333	12.15	3.45	5	3.333333333	85.06896552
W052	2013HN	15.13333333	7	17.66666667	8.6	2.716666667	4.833333333	4.166666667	85.2
W098	2013HN	24.63333333	10.66666667	26	10.41666667	2.383333333	6.166666667	3	85.6
W324	2013HN	19.76666667	5	8.666666667	10.93333333	3.6	5.666666667	3.833333333	86.16216216
W211	2013HN	19.86666667	7.666666667	18	10.36666667	3.766666667	5	3.833333333	86.425
C033	2013HN	18.06666667	8.333333333	21.33333333	9.55	2.866666667	6.333333333	3.333333333	86.5625
W214	2013HN	20.73333333	7.333333333	19.66666667	9.8	2.883333333	6	3.5	86.61290323
W061	2013HN	16.66666667	9.333333333	22	9.75	3.016666667	5	4	87.13333333
W118	2013HN	20.56666667	11	11	9.233333333	1.966666667	6	2.666666667	87.18181818
W327	2013HN	15.66666667	11.66666667	18.66666667	6.766666667	1.85	5.333333333	2.666666667	87.68571429
W082	2013HN	19.96666667	11	10.66666667	9.366666667	2.533333333	5.5	3.166666667	87.69230769
C179	2013HN	21.03333333	8.666666667	17	9.25	2.483333333	5.833333333	3.5	87.9375
C177	2013HN	23.06666667	12.66666667	18.33333333	9.55	2.283333333	5.666666667	3	88.33333333
C070	2013HN	16.46666667	14.33333333	22	8.466666667	2.05	6.166666667	3.666666667	88.63636364
C014	2013HN	18	11.66666667	16.66666667	8.15	1.666666667	5.5	2.5	88.95238095
W320	2013HN	22.83333333	9	18	8.633333333	2.2	6	2.833333333	88.97826087
W109	2013HN	19.6	7.666666667	24.33333333	9.3	3	6	4.333333333	89.21212121
W252	2013HN	24.36666667	10	17	11.5	3.516666667	6.666666667	3.166666667	89.36363636
C060	2013HN	21.6	8.666666667	17	9.8	2.616666667	6	2.666666667	90.2173913
C008	2013HN	22.9	11.66666667	27	8.766666667	2.066666667	6.333333333	2.5	90.4
W307	2013HN	22.8	8.666666667	20.33333333	10.35	2.783333333	5.5	3.333333333	90.76190476
C172	2013HN	17.63333333	9.333333333	24.66666667	8.333333333	2.316666667	5.833333333	3.833333333	91.66666667
W185	2013HN	23.26666667	8.666666667	24.33333333	11.51666667	3.683333333	5	3.666666667	91.8
W228	2013HN	22.7	10.33333333	17.33333333	9.283333333	2.3	5.666666667	2.333333333	92.38888889
W313	2013HN	20.5	10	28.33333333	11.53333333	3.8	5	3.833333333	92.7037037
W171	2013HN	20.7	9.333333333	24.66666667	10.41666667	2.983333333	5.833333333	3.833333333	92.81818182
W011	2013HN	18.96666667	7.666666667	26	9.633333333	2.866666667	5.166666667	4.333333333	92.84
C021	2013HN	19.33333333	9	17.66666667	11.73333333	2.966666667	6.166666667	3.166666667	93.07692308
W308	2013HN	18.86666667	9.666666667	14.66666667	10.8	2.816666667	6.5	3	93.73913043
W031	2013HN	21.83333333	10.66666667	26.33333333	9.966666667	2.833333333	5	3.333333333	94.78571429
C187	2013HN	23.06666667	11.66666667	27	8.133333333	1.75	5.666666667	2.833333333	95.5
C024	2013HN	18.7	9.333333333	25.66666667	9.816666667	2.783333333	5.5	3	95.58823529
W215	2013HN	20.66666667	8	20	10.38333333	2.933333333	6	4.166666667	95.79166667
C134	2013HN	20.6	11	32	8.2	2.425	5.5	5.25	96
W287	2013HN	21.9	8.333333333	23.33333333	8.95	2.45	5	3.166666667	96.25
W193	2013HN	19.6	10.66666667	19.66666667	6.933333333	1.833333333	5.833333333	2.833333333	96.25806452
W065	2013HN	22.16666667	12	23.33333333	9.266666667	2.366666667	5.833333333	2.666666667	96.57142857
C091	2013HN	24.6	8	20	10.93333333	3.3	5.833333333	3.833333333	97.3125
W089	2013HN	22.23333333	8.666666667	18.33333333	11	3.1	5.666666667	3.666666667	97.4047619
C002	2013HN	22.46666667	9.666666667	21	11.26666667	3.366666667	6.333333333	3.333333333	97.60714286
W150	2013HN	25.8	8.666666667	18.33333333	11.8	3.516666667	6.166666667	3.166666667	97.81818182
C153	2013HN	19.53333333	11.33333333	16.66666667	8.083333333	1.933333333	5.833333333	3.166666667	98
C138	2013HN	24.3	7.666666667	15	11.86666667	3.283333333	5.666666667	2.833333333	98.13333333
W250	2013HN	20.4	11	19.66666667	9.25	2.516666667	6	3.666666667	98.2962963
C195	2013HN	22.2	9.333333333	19.33333333	8.333333333	2.016666667	5.666666667	3	98.6
W100	2013HN	22.53333333	10.33333333	25	9.5	2.333333333	6	3.166666667	98.79452055
W255	2013HN	23.26666667	7	17	11.93333333	3.216666667	6	3.833333333	98.85714286
C169	2013HN	18.86666667	9	24	10.4	3.133333333	6	3.166666667	98.9375
W199	2013HN	24.9	7.666666667	19	12.83333333	3.716666667	6.166666667	3.333333333	98.94117647
C183	2013HN	22.9	9	28.33333333	11.98333333	3.216666667	5.5	3.666666667	99.3
C079	2013HN	21.13333333	7.666666667	23.33333333	8.6	1.716666667	5.833333333	3.833333333	99.33333333
W299	2013HN	20.76666667	9	26.33333333	9.266666667	2.116666667	5.666666667	3	99.65789474
C123	2013HN	20.9	7	21.33333333	10.93333333	3.616666667	5	4.333333333	99.83333333
W044	2013HN	21.3	9.666666667	21	8.916666667	2.066666667	5.5	2.166666667	99.9047619
W039	2013HN	23.1	10.66666667	26	11.05	2.683333333	6.333333333	3.333333333	100.2857143
C131	2013HN	23.56666667	10.33333333	28	12.36666667	2.666666667	6.833333333	3.666666667	100.46875
W149	2013HN	21.03333333	9.666666667	22.33333333	11.43333333	3.15	6	3	100.7307692
W017	2013HN	25.36666667	11.33333333	21.66666667	10.08333333	2.216666667	6.666666667	3	101
C056	2013HN	18.2	11.33333333	26.33333333	7.9	2.083333333	5.333333333	4.333333333	101.1111111
W245	2013HN	25.63333333	8.333333333	29	12.6	4.116666667	5	4.333333333	101.1290323
C198	2013HN	22.23333333	10	25	10.28333333	2.716666667	5.333333333	3	101.2857143
C069	2013HN	21.4	9.666666667	21.66666667	10.48333333	2.75	5	2.833333333	101.4705882
W205	2013HN	23.8	9.333333333	23.33333333	9.483333333	2.483333333	6.833333333	2.833333333	101.7037037
C068	2013HN	22.46666667	10	19.66666667	10.83333333	2.1	6.5	2.5	102.5
W152	2013HN	24.4	9	25.66666667	11.41666667	2.866666667	5.5	3	102.6956522
W204	2013HN	22.93333333	10.33333333	23	10.28333333	2.683333333	6.333333333	3.666666667	102.7272727
C115	2013HN	20.7	9	22.33333333	11.31666667	2.916666667	6	3.166666667	103.4545455
C063	2013HN	19.5	11.33333333	24.33333333	6.766666667	2.1	5.166666667	4.333333333	103.4545455
W312	2013HN	22.9	9	24.66666667	11.95	3.383333333	6	4.5	103.6818182
W120	2013HN	20.33333333	10.66666667	23.33333333	10.06666667	2.066666667	6.166666667	3.333333333	103.7333333
W075	2013HN	22.13333333	10.66666667	25.66666667	10.76666667	2.916666667	6	3.833333333	103.9375
W179	2013HN	19.83333333	8	21.66666667	11.63333333	3.683333333	5.833333333	4	104.0645161
W207	2013HN	21.93333333	10.66666667	21	8.933333333	2.35	5.833333333	3.666666667	104.8888889
C082	2013HN	23.76666667	10.66666667	19.33333333	9.516666667	2.383333333	6.166666667	3	105.1923077
W093	2013HN	22.9	8.333333333	18.66666667	10.38333333	3.033333333	5.833333333	3.333333333	105.8636364
C025	2013HN	16.96666667	10	25	8.216666667	1.75	6.166666667	3	106.952381
C176	2013HN	16.9	8.666666667	28	8.5	2.716666667	5.833333333	3.5	107.7083333
W060	2013HN	20.36666667	10.33333333	32.33333333	10.13333333	2.933333333	5.833333333	4.666666667	107.7804878
C118	2013HN	21.43333333	10	29	9.566666667	2.3	5.5	2.666666667	107.88
W202	2013HN	NA	NA	NA	NA	NA	NA	NA	107.9285714
W101	2013HN	25.1	9.666666667	38.33333333	11.1	2.8	6.666666667	3.333333333	108
C125	2013HN	24	9	22.33333333	11.55	2.666666667	6.666666667	3.333333333	108.0555556
C162	2013HN	22.3	8.333333333	31.66666667	11.11666667	3.616666667	5.5	4.5	108.25
W325	2013HN	24.03333333	10	27	8.066666667	1.75	6	3.166666667	108.4166667
W206	2013HN	22.73333333	7	13.66666667	13.46666667	3.866666667	5.666666667	3.5	108.7333333
C130	2013HN	22.9	12.33333333	28	9.133333333	2.266666667	5.5	3.166666667	108.78125
W296	2013HN	23.83333333	7.666666667	24	9.116666667	2.216666667	5	3	108.8571429
W054	2013HN	19.96666667	10.33333333	24.33333333	9.583333333	2.433333333	5.5	3	109.125
W013	2013HN	17.13333333	10.33333333	24.33333333	7.033333333	1.766666667	4.666666667	3.666666667	109.6153846
W142	2013HN	22.66666667	7.666666667	26	9.4	2.683333333	5.333333333	4	109.6818182
W084	2013HN	22.56666667	8.666666667	26.33333333	10.9	3.45	5.666666667	4	110.0952381
W078	2013HN	21.73333333	8.666666667	29.66666667	10.51666667	3.016666667	4.833333333	3.333333333	110.1666667
W201	2013HN	23.46666667	10	22.66666667	11.01666667	2.5	6	3	110.5277778
C001	2013HN	22.66666667	8.666666667	26	10.95	2.716666667	5.5	3	111.25
C081	2013HN	25.13333333	11.66666667	28.66666667	13.05	3.6	6.166666667	4.333333333	111.25
W134	2013HN	24.43333333	8	27.33333333	12.15	3.433333333	5.833333333	4	111.8
W200	2013HN	22.33333333	8.333333333	14.33333333	9.483333333	2.48	5.833333333	2.833333333	111.8333333
C065	2013HN	21.23333333	10	21	8.5	2.05	6.333333333	3	112.4545455
W288	2013HN	24.93333333	10	19	9.416666667	2.15	6.333333333	3.5	112.5384615
W138	2013HN	20.8	9.333333333	19.33333333	7.95	1.8	6.833333333	2.333333333	112.6097561
W122	2013HN	25.5	12.66666667	18.33333333	13.03333333	4	6	3.5	112.76
W076	2013HN	21.1	9	26.33333333	10.36666667	2.95	5.833333333	4.833333333	112.875
W309	2013HN	26.03333333	11.33333333	24	10.7	1.8	6	1.833333333	113
W227	2013HN	21.36666667	10.66666667	28	9.883333333	2.683333333	5	3.333333333	113.2727273
W295	2013HN	24.5	8.666666667	28.66666667	13	4.283333333	5.166666667	4.5	113.6
C175	2013HN	21.6	10	25.66666667	9.983333333	3.033333333	5.833333333	3	113.65
C170	2013HN	23.03333333	10.66666667	16.33333333	9.9	1.866666667	6.5	2.5	113.7037037
W001	2013HN	18	14.33333333	28.66666667	8.3	1.716666667	6.333333333	2.166666667	114.6666667
W180	2013HN	22.53333333	9.666666667	26.66666667	11.33333333	3.15	6	3.666666667	114.84
W146	2013HN	22.03333333	9.666666667	26.33333333	10.25	2.316666667	6.166666667	3	114.8571429
W238	2013HN	21.56666667	8	24	11.9	3.616666667	5.166666667	3.833333333	114.92
W074	2013HN	23.33333333	7.666666667	28.33333333	10.73333333	2.983333333	5	3.833333333	114.952381
W046	2013HN	24.06666667	10.66666667	22.33333333	10.68333333	1.883333333	6.166666667	2.333333333	115.6190476
W298	2013HN	22.46666667	8	26	10.86666667	3.583333333	5	3	115.7391304
W135	2013HN	21.9	12.33333333	32.33333333	9.75	2.966666667	5.833333333	3.333333333	116.0434783
W231	2013HN	29.06666667	10.33333333	25.66666667	12.86666667	2.866666667	6	2.833333333	116.5
C084	2013HN	27.83333333	10.66666667	24.66666667	10.96666667	2.333333333	6.166666667	3.5	116.6923077
C182	2013HN	23.26666667	10.33333333	25.66666667	10.61666667	2.816666667	5.666666667	2.833333333	116.7
C077	2013HN	24.1	12	31	11.83333333	2.75	6.833333333	3.5	116.7941176
W192	2013HN	27.96666667	10.33333333	21.33333333	14.58333333	4.383333333	7.333333333	4.166666667	116.8
W184	2013HN	23.13333333	9	25.66666667	11.41666667	3.283333333	5.666666667	3.166666667	116.875
C027	2013HN	24.33333333	11.33333333	29.33333333	12.08333333	3.75	5.333333333	3.833333333	117.3333333
W119	2013HN	20.76666667	12.66666667	28.33333333	9.75	2.6	6.5	3.166666667	117.7857143
W123	2013HN	24.03333333	12	20.66666667	9.633333333	2.333333333	5.833333333	3.333333333	118
W267	2013HN	20.26666667	10	31.66666667	9.366666667	2.8	5.5	3.5	118.4210526
W012	2013HN	21.5	17	26	9	2.383333333	6.166666667	4	118.5555556
W291	2013HN	22.73333333	8.333333333	24	10.93333333	3.633333333	5.166666667	3.333333333	118.6818182
C149	2013HN	19.26666667	10.33333333	25.33333333	8.216666667	2.233333333	6.166666667	4.333333333	120.125
C143	2013HN	25.33333333	10.33333333	25.33333333	11.63333333	2.85	5.5	3.666666667	120.2352941
W112	2013HN	21.4	7	22.33333333	10.2	2.966666667	5.333333333	3.833333333	120.25
C101	2013HN	21.96666667	11.33333333	31.33333333	10.21666667	3.15	6	5.166666667	120.3333333
W099	2013HN	23.96666667	10	23.33333333	10.78333333	2.566666667	5.666666667	3.333333333	121
C127	2013HN	NA	NA	NA	NA	NA	NA	NA	121.6428571
W314	2013HN	23.23333333	7	23	13.25	4.333333333	5.5	4.333333333	121.6666667
W176	2013HN	21.63333333	10.33333333	28.66666667	9.733333333	2.983333333	5.5	3.5	121.8965517
W024	2013HN	22.83333333	13.33333333	23	9.8	2.033333333	6.666666667	2.666666667	122.0833333
C185	2013HN	25.6	11.33333333	29.66666667	10.86666667	2.466666667	6.833333333	4	122.2857143
W284	2013HN	22.56666667	13.33333333	31	9.05	2.316666667	5	3.333333333	122.5384615
W208	2013HN	16.36666667	11.33333333	30.33333333	8.833333333	2.416666667	5.666666667	3.5	123.0666667
C038	2013HN	23.36666667	9.333333333	28.33333333	10.11666667	2.816666667	5.833333333	3	123.1666667
W317	2013HN	22.6	9	27	11.98333333	3.266666667	5.666666667	3.833333333	123.5357143
W032	2013HN	23.33333333	12.33333333	40	11.15	2.85	6.166666667	3.5	123.9090909
W009	2013HN	21.8	10.66666667	25.33333333	9.783333333	2.55	5.666666667	3.333333333	125.0714286
W225	2013HN	23.56666667	11.33333333	21.33333333	9	2.366666667	5.5	3	125.6153846
W174	2013HN	22.66666667	9.333333333	35	13.33333333	3.916666667	6	4.666666667	126.2666667
W147	2013HN	23.96666667	13.66666667	23	10.61666667	2.55	6.333333333	3.166666667	126.4230769
W159	2013HN	20.86666667	11	27.33333333	10.48333333	2.666666667	6.166666667	3.333333333	126.9333333
W111	2013HN	21.93333333	9.333333333	25	10.96666667	2.916666667	6	3.333333333	126.95
C140	2013HN	23.66666667	10	17.66666667	11.65	2.616666667	6.166666667	3	127
W254	2013HN	24.9	13.33333333	20.66666667	10.56666667	2.566666667	5.833333333	3.333333333	127.5
W229	2013HN	27.4	11	24	13.5	2.333333333	6.333333333	2.5	128.4482759
W128	2013HN	27.13333333	15.33333333	31.33333333	9.116666667	2	6	2.666666667	128.5
W095	2013HN	24.3	9	28.66666667	10.75	2.65	6.5	3.333333333	128.9375
W222	2013HN	27.43333333	12	27.33333333	12.85	3.216666667	7.166666667	3.666666667	129.0588235
C180	2013HN	24.36666667	11.66666667	27.33333333	10.76666667	2.45	6.333333333	2.666666667	129.1818182
W315	2013HN	23.76666667	9	27.66666667	11.26666667	2.9	6.166666667	3	129.4166667
W289	2013HN	24.76666667	11.66666667	23.66666667	11.16666667	2.483333333	5.833333333	3	130.25
C076	2013HN	24.66666667	11	31.66666667	11.75	2.983333333	6.5	3.666666667	131.6774194
C142	2013HN	22.23333333	11.33333333	43	10.45	2.816666667	4.833333333	3.5	133.2631579
C197	2013HN	27.5	10.66666667	36.66666667	11.98333333	2.933333333	5.666666667	3.333333333	133.2857143
W279	2013HN	23.73333333	9	36	12.21666667	3.4	5.666666667	5.166666667	133.5294118
C087	2013HN	23.93333333	13	34	9.7	2.733333333	6.166666667	4	133.5909091
W015	2013HN	25.9	9.333333333	30.33333333	9.85	2.516666667	5.5	3.5	134.0689655
C030	2013HN	27.7	12	39.33333333	10.81666667	3.133333333	6.166666667	3.666666667	134.3809524
W311	2013HN	21.36666667	12.33333333	27.66666667	10.88333333	2.733333333	5.833333333	3.333333333	134.4545455
W230	2013HN	25.36666667	9.666666667	31.66666667	13.73333333	4.066666667	5.833333333	4.166666667	134.6060606
W153	2013HN	26.63333333	10.33333333	36	10.13333333	2.883333333	4.833333333	3.333333333	134.7142857
W194	2013HN	20.9	9.333333333	33.33333333	12.2	3.483333333	6	4	134.7307692
W264	2013HN	24.96666667	11.33333333	25.66666667	12.56666667	3.516666667	5.166666667	3.166666667	135.3478261
W116	2013HN	31.43333333	12.66666667	24.66666667	12.86666667	2.566666667	5.833333333	3.166666667	136
W051	2013HN	24.5	9	26.66666667	13.23333333	3.683333333	6.5	3.833333333	136
W091	2013HN	24.13333333	8	32.33333333	10.66666667	2.95	6.166666667	5.5	136.15
C007	2013HN	21.73333333	12	33.33333333	10.25	2.7	5.666666667	3.333333333	136.225
W036	2013HN	25.93333333	9	30	12.2	3.3	6.166666667	4.333333333	136.245283
C074	2013HN	24.4	13.33333333	28.33333333	10.8	2.766666667	6.166666667	3.5	136.3043478
C136	2013HN	26.16666667	9.666666667	26.33333333	11.7	2.7	6.333333333	3.166666667	136.5185185
W124	2013HN	22.33333333	9	36.33333333	10.58333333	2.866666667	5.5	4	137.04
W306	2013HN	26.66666667	10.66666667	33.66666667	12.98333333	3.866666667	5.833333333	3.833333333	137.0869565
C193	2013HN	21.76666667	11.66666667	38.33333333	10.36666667	2.783333333	6.5	3.833333333	137.6666667
W033	2013HN	22.9	11.66666667	23.33333333	10.91666667	2.883333333	6.166666667	3.833333333	137.8235294
W240	2013HN	22.7	8.333333333	33	11.38333333	3.4	5.5	3.666666667	137.96875
W212	2013HN	21.66666667	12.66666667	39	11.35	2.716666667	5.833333333	4	138.3684211
W293	2013HN	23.96666667	10.33333333	24.33333333	10.15	2.783333333	5.5	3.5	138.7
W302	2013HN	31.4	15.33333333	30	11.13333333	2.383333333	7	3.166666667	139.3529412
W021	2013HN	28.4	13.33333333	33.66666667	12.78333333	2.916666667	6.666666667	4.333333333	139.5454545
W121	2013HN	28.8	12	30	13	3.416666667	5.666666667	3.333333333	139.5909091
C189	2013HN	21.5	14.33333333	50	9.083333333	2.383333333	5.333333333	3.666666667	139.6666667
C062	2013HN	22.06666667	11	29.33333333	9.566666667	2.916666667	6	3.833333333	139.7058824
C059	2013HN	20.5	12	33	11.23333333	2.616666667	6.666666667	3.333333333	139.7142857
C092	2013HN	23.23333333	10.66666667	28.66666667	11.6	3.516666667	6	4	139.7777778
W268	2013HN	19.26666667	11	33.66666667	9.866666667	2.4	6	3.333333333	139.8666667
C095	2013HN	28.33333333	9.333333333	29.33333333	12.88333333	2.766666667	6	3.5	140.5
W025	2013HN	23.13333333	8.333333333	33.33333333	11.05	3.55	5.166666667	5.5	140.6923077
W049	2013HN	22.23333333	8.333333333	30.66666667	12.9	3.916666667	6.5	5	140.7083333
C043	2013HN	24.46666667	11.66666667	24	10.43333333	2.683333333	6.166666667	2.833333333	140.7857143
W019	2013HN	20.43333333	13	29.66666667	10.05	3.25	5.5	3.5	141.7241379
W002	2013HN	26.4	14	32	10.41666667	2.2	6	3	143
W144	2013HN	24.86666667	11.33333333	23.33333333	12.38333333	2.55	7	2.833333333	143.4857143
W276	2013HN	24.33333333	7.666666667	29.66666667	12.15	3.05	6	3.5	143.7333333
W161	2013HN	18.96666667	8.666666667	30.33333333	9.75	3.4	5.333333333	4.166666667	143.7777778
W155	2013HN	23.53333333	12.33333333	38	13.33333333	3.766666667	6.5	3.833333333	143.8709677
W126	2013HN	23.3	10.33333333	31.66666667	11.1	3.15	6.166666667	3.333333333	144
W145	2013HN	23.73333333	11	26.66666667	11.08333333	2.833333333	6.166666667	3.5	144
C011	2013HN	23.33333333	11.33333333	36	9.433333333	2.883333333	5.166666667	4.166666667	144.0588235
W085	2013HN	22.93333333	10	27.66666667	11.23333333	2.483333333	6	3.166666667	145.2608696
W319	2013HN	29.03333333	12	35	13.1	2.616666667	5.166666667	4.333333333	145.4444444
C137	2013HN	28.63333333	12.33333333	38.66666667	14.13333333	3.916666667	6	5.166666667	145.5789474
C072	2013HN	22.66666667	13.66666667	42	13.9	3.45	6.666666667	3.833333333	145.8461538
W242	2013HN	24.26666667	10.66666667	26.66666667	9.766666667	2.466666667	6	3	146.45
C124	2013HN	23.46666667	12	34.33333333	11.56666667	2.8	6	3.166666667	146.5454545
W224	2013HN	19.8	10	36	11.16666667	3.85	5	4.166666667	146.6315789
W189	2013HN	18.53333333	10	24.66666667	10.71666667	3.2	5.833333333	3.666666667	147
C167	2013HN	20.6	11.33333333	29.33333333	8.7	1.733333333	6.166666667	2.5	147.7058824
W132	2013HN	26.16666667	10	29	12.03333333	3.616666667	6.333333333	4.5	148.2592593
C053	2013HN	28.66666667	9.666666667	34.66666667	12.31666667	2.983333333	5.833333333	3.166666667	148.6153846
C174	2013HN	25.03333333	11	50	11.35	3.25	5.666666667	4.666666667	148.7105263
W181	2013HN	22.9	9.333333333	25	11.66666667	3.166666667	5.5	3.166666667	149.0588235
C006	2013HN	21.2	11.66666667	33.33333333	10.11666667	2.65	5.666666667	3.166666667	149.15
W125	2013HN	27.83333333	12	38.66666667	11.35	2.683333333	6.166666667	3.666666667	149.1842105
W148	2013HN	24.86666667	11.33333333	27.33333333	9.85	2.3	6.5	2.833333333	150.2
W170	2013HN	25	12	39.33333333	13.86666667	3.666666667	6.333333333	4.5	150.6153846
W177	2013HN	NA	NA	NA	NA	NA	NA	NA	151
C073	2013HN	24.73333333	12.66666667	34.33333333	9.6	2.5	6.166666667	3.166666667	151.1176471
W303	2013HN	23.6	11.66666667	25.33333333	10.55	2.85	6	3.333333333	151.3333333
C107	2013HN	23.06666667	11.33333333	45.33333333	9.35	2.75	3.666666667	3.666666667	151.9230769
W069	2013HN	27.96666667	10.33333333	40	NA	3.066666667	5.666666667	4.5	152.78125
C111	2013HN	22.1	13.66666667	31	9.366666667	2.55	5.833333333	3.833333333	152.8
C031	2013HN	23.43333333	9.666666667	35.66666667	12.38333333	3.35	5.333333333	3.833333333	152.9444444
C080	2013HN	24.9	10.33333333	32.66666667	10.85	3.25	6	4.166666667	153.4166667
W079	2013HN	24.3	13.33333333	29	11.3	2.116666667	6.166666667	2.5	153.7142857
C104	2013HN	25.3	9.666666667	33.33333333	11.8	3.05	5.666666667	4	154.4210526
W251	2013HN	24.16666667	12.33333333	38	9.766666667	2.45	5.333333333	3.333333333	154.5
W247	2013HN	22.7	10.33333333	30.33333333	9.183333333	2.366666667	6	2.5	154.5294118
W160	2013HN	15.13333333	14	30	5.25	1.25	5.833333333	2.833333333	154.5714286
W310	2013HN	25.83333333	10.66666667	40	11.68333333	3.35	5.5	4	154.5909091
W117	2013HN	20.13333333	12	29.33333333	9.366666667	2.5	6	4.5	155.9333333
W057	2013HN	29.33333333	13.33333333	27.66666667	13.28333333	3.316666667	6.5	3.666666667	156.4666667
W070	2013HN	26.13333333	10.33333333	32.66666667	15.03333333	4.683333333	6	5	156.64
W210	2013HN	22.96666667	11.66666667	33	10.28333333	2.716666667	6	3	156.8
W270	2013HN	16.06666667	9.666666667	32.66666667	9.166666667	2.216666667	5.166666667	3.166666667	157
W265	2013HN	32.13333333	11	37	12.13333333	2.6	5	2.666666667	157.2
C049	2013HN	24.83333333	10.33333333	26	13.66666667	3.516666667	6.5	4	157.2727273
W043	2013HN	24.73333333	10.33333333	32.66666667	10.93333333	3.233333333	5	3.666666667	157.5555556
C085	2013HN	23.6	12	27.66666667	9.516666667	2.266666667	5.833333333	3.833333333	158.0769231
W022	2013HN	32.6	12.66666667	35	13.65	2.733333333	5.666666667	4.333333333	158.7894737
W114	2013HN	NA	NA	NA	NA	NA	NA	NA	158.8571429
C165	2013HN	24.4	13	36.33333333	9.616666667	2.366666667	6.333333333	3	159
W260	2013HN	25.83333333	13.33333333	32.66666667	10.4	2.6	5.5	3.833333333	159.2352941
W237	2013HN	26.93333333	12.66666667	32	12.88333333	3.183333333	5.833333333	3.166666667	160.5217391
W035	2013HN	NA	NA	NA	NA	NA	NA	NA	160.9148936
C178	2013HN	21.6	10	23.66666667	8.016666667	2.566666667	6	3.333333333	161.375
W322	2013HN	22.53333333	10.66666667	31	10.93333333	2.833333333	5.5	3.666666667	161.6363636
C199	2013HN	27.13333333	11.66666667	33	12.13333333	2.966666667	6.166666667	3.666666667	161.7037037
W023	2013HN	21.66666667	10.33333333	37	10.23333333	2.433333333	5	2.833333333	162
W048	2013HN	27.83333333	8.333333333	26.66666667	13.18333333	3.233333333	5.166666667	4.166666667	162.375
C200	2013HN	24.9	13	38	12.8	3	5.833333333	3.666666667	162.55
C047	2013HN	27.13333333	11.66666667	38.66666667	11.73333333	2.683333333	5.5	3	163.32
C191	2013HN	25.66666667	13	37.66666667	10.95	2.6	6.666666667	3.833333333	164
C147	2013HN	22.83333333	8.666666667	27.33333333	11.95	3.616666667	5.5	4.666666667	164.1481481
W188	2013HN	21.63333333	9.333333333	36.66666667	10.73333333	3.15	4.166666667	4	164.244898
W304	2013HN	19.7	10.66666667	40.66666667	10.56666667	2.933333333	6.333333333	4.5	164.3157895
C166	2013HN	25.46666667	13.66666667	46	9.733333333	2.383333333	5.666666667	2.833333333	164.9230769
C163	2013HN	23.9	12.33333333	45	11	2.625	6	3.25	165.1666667
C122	2013HN	22.13333333	13.66666667	42	11.25	2.566666667	6.666666667	3.666666667	165.2666667
C110	2013HN	27.33333333	10.33333333	31	10.96666667	2.383333333	5.5	3	165.8695652
W241	2013HN	26.43333333	11	43	14.98333333	3.866666667	6.166666667	4.166666667	166.2222222
W182	2013HN	23.7	11.66666667	33	10.76666667	3.45	6.333333333	3.5	167
C061	2013HN	26.26666667	9.666666667	34.66666667	11.71666667	3.1	5.666666667	3.5	167.1875
C108	2013HN	25.36666667	10.33333333	33	11.18333333	3.15	6	4.166666667	167.2608696
C050	2013HN	26	10	40	14.91666667	4	5	4	169.6923077
W318	2013HN	NA	NA	NA	NA	NA	NA	NA	169.8695652
W041	2013HN	30.6	12.66666667	25.66666667	12.45	3.033333333	6.333333333	3.5	170.3636364
C121	2013HN	23.86666667	15.33333333	30.66666667	10.41666667	2.266666667	7	3	170.7333333
W058	2013HN	22.6	13.33333333	32.33333333	9.6	2.383333333	6.666666667	3.666666667	172
W040	2013HN	25.76666667	12	33.66666667	12.2	2.683333333	7	3.5	172.04
C012	2013HN	23.76666667	13	40.66666667	9.516666667	2.1	5.833333333	4	173.3636364
C039	2013HN	24.96666667	12	28.66666667	11.85	2.866666667	6.333333333	3.166666667	174.2631579
C090	2013HN	26.96666667	10.33333333	38	14.35	3.483333333	5.833333333	4.166666667	174.5625
W154	2013HN	23.43333333	12	44	10.98333333	2.866666667	6.166666667	3.5	175.4
W053	2013HN	23.13333333	11.66666667	24.33333333	10.15	2.65	6	4.166666667	175.4545455
W263	2013HN	29.3	11	34.33333333	13.6	3.516666667	5.166666667	3.666666667	176.65
W055	2013HN	24.33333333	14.33333333	44.33333333	9.633333333	2.516666667	5.833333333	3.166666667	176.8235294
W216	2013HN	23.76666667	12.33333333	35	11.13333333	2.9	5.666666667	3	177.3636364
C105	2013HN	31.26666667	11	44.66666667	12.98333333	2.916666667	6.333333333	4	178.7837838
C042	2013HN	23.1	11	37	10.93333333	2.35	5.833333333	3.5	179.25
W157	2013HN	24	12	41	12.38333333	3.383333333	6.833333333	4.166666667	179.7307692
W178	2013HN	22.76666667	10	35.66666667	10.76666667	2.9	6	3.833333333	180.3235294
W223	2013HN	24.86666667	9.666666667	37.66666667	12.11666667	3.083333333	5.166666667	3.833333333	180.3529412
C040	2013HN	26.06666667	13.33333333	42	12.38333333	2.816666667	6.666666667	3.333333333	180.5555556
W027	2013HN	21.53333333	15.33333333	41	8.183333333	2.55	4.5	4.166666667	180.6666667
C148	2013HN	24.06666667	10.33333333	38.33333333	10.5	2.816666667	5.5	3.166666667	181.3529412
C094	2013HN	29.43333333	10.33333333	34	13.03333333	3.083333333	6	3.666666667	181.3529412
W198	2013HN	30.13333333	12	41	14.08333333	3.466666667	6.666666667	4.166666667	181.5
W221	2013HN	23.9	10.33333333	37.33333333	11.58333333	3.35	5.666666667	4.166666667	181.7142857
W037	2013HN	27.9	11.66666667	32.66666667	14.25	3.716666667	5.833333333	4.166666667	181.8275862
W008	2013HN	26.6	13	28.33333333	12.85	3.083333333	6.166666667	3.833333333	181.9473684
W067	2013HN	31.03333333	12.33333333	32.66666667	13	3.25	5.666666667	3.5	182
W086	2013HN	24.4	8	27.66666667	11.93333333	3.383333333	5.833333333	4.166666667	182.25
W168	2013HN	25.66666667	10.66666667	40.66666667	13.25	3.983333333	4.833333333	4.833333333	182.5588235
W163	2013HN	20.2	9.333333333	41	9.5	2.55	4.833333333	3.333333333	183.8974359
W213	2013HN	24.03333333	11.33333333	43	12.15	2.983333333	5.5	3.5	186.2352941
W234	2013HN	23.43333333	11.33333333	41.66666667	11.31666667	2.916666667	5.5	4.5	187.0769231
W294	2013HN	22.46666667	16	34.66666667	9.15	2.016666667	6.5	3	187.4444444
C045	2013HN	24.23333333	11.33333333	47.33333333	12.23333333	3.133333333	5.666666667	4.833333333	187.5757576
W131	2013HN	28.43333333	8.666666667	38.33333333	10.35	3.016666667	5.333333333	5.5	187.7272727
C133	2013HN	25.23333333	11.66666667	50	9.983333333	2.55	4.666666667	5.666666667	188.25
W172	2013HN	27.53333333	11	33	14.4	3.966666667	6.333333333	4	188.72
C168	2013HN	21.7	12	39	9.783333333	2.2	6.166666667	3.5	189.75
C086	2013HN	25.33333333	8.666666667	37	11.65	3.316666667	4.666666667	4.666666667	190.0526316
W006	2013HN	28.36666667	14.33333333	41.33333333	10.61666667	2.383333333	5.666666667	3	190.0833333
W300	2013HN	23.53333333	16.66666667	41	8.933333333	2.066666667	6.5	3	190.4615385
C184	2013HN	26.2	10	32	12.95	3.05	6.166666667	3.666666667	190.8666667
W257	2013HN	30.36666667	15.66666667	40.66666667	12.38333333	2.816666667	6.5	3.5	193.6
C088	2013HN	28.4	13.33333333	41	13.03333333	3.183333333	6.5	4.166666667	196.875
W127	2013HN	27.26666667	15	47.33333333	11.18333333	2.8	6.666666667	4.5	196.9
C164	2013HN	22.7	12.33333333	50.66666667	11.45	2.7	5.5	3.833333333	198.0714286
C109	2013HN	25.7	14	40.33333333	11.13333333	2.6	6.333333333	3.333333333	199.1333333
W110	2013HN	31.66666667	15.33333333	47.33333333	13.58333333	3.133333333	7	3.833333333	200.9090909
C005	2013HN	29.3	15.33333333	37.33333333	12.75	3.016666667	5.5	4.166666667	201.25
C037	2013HN	23.33333333	11.66666667	36.33333333	11.7	3.066666667	6	3.5	203.7142857
W329	2013HN	30.03333333	12	42.66666667	15.7	3.883333333	6	4.666666667	205
C083	2013HN	25.33333333	12.33333333	46.66666667	12.18333333	3.083333333	6	4.166666667	205.3809524
W113	2013HN	NA	NA	NA	NA	NA	NA	NA	205.5
W244	2013HN	24.53333333	12.66666667	46	11.48333333	3.4	5.666666667	3.833333333	206.9565217
C144	2013HN	27.23333333	12.33333333	44	12.63333333	3.25	5.5	6.166666667	209.2142857
C058	2013HN	24.3	12.33333333	33	9.533333333	2.083333333	6.833333333	2.5	209.8636364
C151	2013HN	25.43333333	15.33333333	51.66666667	10.36666667	2.516666667	6.666666667	3.333333333	212.7083333
W156	2013HN	24.03333333	13.33333333	45	10.58333333	2.783333333	6.5	3.166666667	213.25
C009	2013HN	20.16666667	11	49.33333333	8.05	1.9	5.833333333	3.5	215.5833333
C173	2013HN	25.36666667	15.66666667	52.33333333	11.81666667	2.95	7.166666667	3.833333333	217.1333333
W236	2013HN	26.06666667	11	44.33333333	11.68333333	3	6	3.333333333	217.7142857
W004	2013HN	27.5	15.33333333	42.33333333	9.75	1.816666667	5.666666667	3.333333333	217.7333333
W186	2013HN	20.36666667	10.66666667	52	10.01666667	2.383333333	5.833333333	4.166666667	218.0833333
W239	2013HN	21	11.33333333	33.33333333	9.983333333	2.7	5.166666667	3.5	218.875
W026	2013HN	29.06666667	12.33333333	45	13.46666667	3.483333333	6.166666667	4	219.65
W010	2013HN	26.2	12.66666667	48	10.48333333	3.35	5.166666667	4.666666667	221.56
W273	2013HN	31.85	15	65	11.51666667	2.766666667	6.166666667	5	222.2666667
C132	2013HN	30.63333333	13.33333333	44.66666667	13.15	3.05	7.333333333	3.5	222.3333333
W187	2013HN	22.36666667	10.33333333	54.33333333	10.83333333	2.733333333	5.5	4.833333333	222.952381
W005	2013HN	23.63333333	13.66666667	54	10.28333333	2.533333333	5.833333333	4.5	224.5
W285	2013HN	NA	NA	NA	NA	NA	NA	NA	227.9375
C190	2013HN	26.63333333	14	47.33333333	10.46666667	2.45	6.333333333	3.166666667	230.6363636
C041	2013HN	24.46666667	14.66666667	34.66666667	8.9	1.9	6.833333333	2.666666667	232.5833333
C141	2013HN	28.7	15.33333333	49	11.48333333	2.433333333	6.166666667	2.833333333	233.0714286
W007	2013HN	31.93333333	17.66666667	53.66666667	13.11666667	2.866666667	6	4	234
C186	2013HN	30.33333333	14	46	13.26666667	3.366666667	6.166666667	5.5	241.625
W195	2013HN	24.43333333	11.66666667	54.33333333	13.41666667	3.6	5.5	5.166666667	242.1666667
W165	2013HN	21.9	10	56	9.966666667	2.433333333	5.5	4	242.8636364
W217	2013HN	22.86666667	13	51.66666667	10.98333333	3.5	5.666666667	4.5	243.8666667
W137	2013HN	28.63333333	11	50.66666667	13.45	3.65	5.833333333	4.666666667	251.6060606
W259	2013HN	25.06666667	13.66666667	49.66666667	11.23333333	3.266666667	6	3.5	253.9411765
W266	2013HN	27.46666667	11.66666667	58	12.73333333	3.05	6.166666667	5	259.1875
W243	2013HN	27.53333333	13	60.66666667	12.48333333	3.816666667	6	3.833333333	268.9545455
W062	2013HN	NA	NA	NA	NA	NA	NA	NA	275.2857143
W020	2013HN	23.76666667	10.33333333	44	10.21666667	2.783333333	5.5	5.833333333	276.7333333
W275	2013HN	30.43333333	15	59.66666667	12.06666667	2.783333333	6	4.166666667	304.2
W166	2013HN	25.7	13.33333333	77.33333333	13.11666667	4.016666667	5.5	6	335.7857143
W167	2013HN	23.16666667	14	76.33333333	14.36666667	4.333333333	5.5	6.166666667	346.4285714
W218	2013HN	28.6	17	94	13.43333333	3.866666667	6.166666667	4.666666667	442.1818182
C017	2013HN	18.46666667	11.33333333	16	5.766666667	1.2	6.166666667	1.833333333	NA
C023	2013HN	19.46666667	12.33333333	8	8.15	1.616666667	6.166666667	2.166666667	NA
W103	2013HN	12.73333333	4.666666667	8	4.4	1.5	4.5	2.5	NA
W277	2013HN	19.66666667	7.333333333	16	8.016666667	2.266666667	5	2.5	NA
C181	2013HN	18.6	6.333333333	8.666666667	6.5	1.716666667	5	2.666666667	NA
W278	2013HN	20.53333333	7	12.33333333	9.083333333	2.716666667	5.166666667	2.666666667	NA
W286	2013HN	19.26666667	6.666666667	12.66666667	9.216666667	2.383333333	5.333333333	2.833333333	NA
W173	2013HN	22.03333333	11.33333333	16.66666667	9.35	2.5	5.5	2.833333333	NA
W018	2013HN	18.4	11.33333333	19.33333333	6.866666667	2.266666667	5.666666667	3.166666667	NA
W248	2013HN	19.63333333	8	18	9.183333333	2.266666667	5.666666667	3.166666667	NA
W105	2013HN	20.5	6.666666667	11.66666667	10.23333333	2.7	6.5	3.333333333	NA
W169	2013HN	23.13333333	10	26.33333333	12.4	3.25	5.5	3.5	NA
W330	2013HN	20.93333333	6	11	11.28333333	2.716666667	5.666666667	3.5	NA
C188	2013HN	24.13333333	9	24	11.93333333	3.15	5.666666667	3.5	NA
W140	2013HN	19.03333333	6.333333333	15	9.383333333	2.516666667	5.833333333	3.666666667	NA
W233	2013HN	24.83333333	11	52	11.65	2.55	5.833333333	3.666666667	NA
W092	2013HN	23.7	8.666666667	25.66666667	11.51666667	2.616666667	6.166666667	3.666666667	NA
C004	2013HN	17.8	5.333333333	12.66666667	8.983333333	2.95	5.333333333	3.833333333	NA
W197	2013HN	25.9	9	30.66666667	13.2	3.333333333	5.5	3.833333333	NA
C103	2013HN	28.53333333	13.33333333	58.66666667	11.05	2.45	5.5	4	NA
W064	2013HN	16.5	7	17.33333333	7.566666667	2.316666667	5.333333333	4.333333333	NA
C171	2013HN	17.9	8.333333333	12.33333333	9.55	2.866666667	6.333333333	4.333333333	NA
C119	2013HN	17.36666667	11.66666667	44	6.783333333	2.25	4.666666667	4.5	NA
C051	2013HN	20.26666667	13	48	9.616666667	3.483333333	4.333333333	5	NA
C135	2013HN	29.16666667	15	71	15.63333333	4.366666667	6	5.666666667	NA
C010	2013HN	NA	NA	NA	NA	NA	NA	NA	NA
C026	2013HN	NA	NA	NA	NA	NA	NA	NA	NA
C028	2013HN	NA	NA	NA	NA	NA	NA	NA	NA
C029	2013HN	NA	NA	NA	NA	NA	NA	NA	NA
C048	2013HN	NA	NA	NA	NA	NA	NA	NA	NA
C093	2013HN	NA	NA	NA	NA	NA	NA	NA	NA
C152	2013HN	NA	NA	NA	NA	NA	NA	NA	NA
C196	2013HN	NA	NA	NA	NA	NA	NA	NA	NA
C201	2013HN	NA	NA	NA	NA	NA	NA	NA	NA
C202	2013HN	NA	NA	NA	NA	NA	NA	NA	NA
C203	2013HN	NA	NA	NA	NA	NA	NA	NA	NA
W030	2013HN	NA	NA	NA	NA	NA	NA	NA	NA
W047	2013HN	NA	NA	NA	NA	NA	NA	NA	NA
W096	2013HN	NA	NA	NA	NA	NA	NA	NA	NA
W097	2013HN	NA	NA	NA	NA	NA	NA	NA	NA
W102	2013HN	NA	NA	NA	NA	NA	NA	NA	NA
W141	2013HN	NA	NA	NA	NA	NA	NA	NA	NA
W151	2013HN	NA	NA	NA	NA	NA	NA	NA	NA
W158	2013HN	NA	NA	NA	NA	NA	NA	NA	NA
W191	2013HN	NA	NA	NA	NA	NA	NA	NA	NA
W290	2013HN	NA	NA	NA	NA	NA	NA	NA	NA
W297	2013HN	NA	NA	NA	NA	NA	NA	NA	NA
W321	2013HN	NA	NA	NA	NA	NA	NA	NA	NA
W323	2013HN	NA	NA	NA	NA	NA	NA	NA	NA
W016	2014WH	17.06666667	5.666666667	11.33333333	8.9	2.75	5.5	3.166666667	40.19047619
C078	2014WH	31.4	13	51	13.9	2.783333333	6.333333333	3.5	41.06451613
C203	2014WH	NA	NA	NA	NA	NA	NA	NA	47.13636364
C016	2014WH	16.86666667	5.666666667	14.33333333	9.7	2.85	5.166666667	3.166666667	48.24390244
C113	2014WH	23.1	8.666666667	25.33333333	11.55	2.833333333	5.5	3	49.79310345
W293	2014WH	NA	NA	NA	NA	NA	NA	NA	50.90625
W109	2014WH	19.36666667	5	12.33333333	8.65	2.65	5	3	51.94117647
W262	2014WH	21.96666667	9	27.33333333	10.85	2.233333333	5.333333333	3.333333333	52.62162162
W316	2014WH	22.26666667	8	10.66666667	10.75	2.483333333	5.833333333	2.5	52.81481481
W051	2014WH	NA	NA	NA	NA	NA	NA	NA	53.82857143
W239	2014WH	26.23333333	13.33333333	29.66666667	11.31666667	2.733333333	5.666666667	3	55.05555556
C018	2014WH	16.6	7.333333333	10.66666667	7.833333333	1.85	6.166666667	3	56.55813953
W150	2014WH	24.73333333	8.333333333	8	9.025	3.1	6.25	3.25	58
W044	2014WH	22.43333333	9.666666667	17.33333333	10.26666667	2.983333333	5.5	3	58.0625
C024	2014WH	21.23333333	11.33333333	26.66666667	10.51666667	2.733333333	5.833333333	3	58.44827586
C017	2014WH	24.53333333	11.33333333	20.66666667	8.883333333	1.866666667	6.5	2.833333333	58.82608696
W261	2014WH	23.13333333	7.333333333	14	11.86666667	2.816666667	6.166666667	2.666666667	61.875
W139	2014WH	20.56666667	7.333333333	16	10.75	2.683333333	6	3.666666667	61.92105263
C021	2014WH	20.3	8.333333333	20	11.2	2.366666667	6	2.833333333	63.65714286
W304	2014WH	NA	NA	NA	NA	NA	NA	NA	64.6
W045	2014WH	20.9	6	12	10.2	2.7	5.333333333	3	64.71428571
W301	2014WH	25.36666667	9	17.33333333	12.9	3.383333333	5.333333333	3.166666667	65.70731707
W083	2014WH	26.4	11.33333333	24.33333333	9.95	2.583333333	5.666666667	3	67.01886792
W133	2014WH	25.26666667	10.66666667	23.66666667	10.35	2.266666667	6.166666667	3	70
W046	2014WH	24.66666667	11.66666667	16	11	2.566666667	6	2.833333333	70.55
C182	2014WH	26.76666667	10.33333333	30.66666667	13.7	3	5.666666667	2.833333333	70.73809524
W096	2014WH	24.2	8.333333333	16.33333333	12.75	2.733333333	5.833333333	3.5	71.21052632
W183	2014WH	25.7	10.33333333	23	11.7	3.1	5	3.166666667	71.58536585
W081	2014WH	31.46666667	9.666666667	14.33333333	14.85	3.1	6.666666667	2.833333333	71.76785714
W299	2014WH	22.66666667	12	30.33333333	10.18333333	2.183333333	5.833333333	3	73.46153846
W098	2014WH	23.9	11	20.66666667	10.71666667	2.35	6.333333333	3	73.46774194
C077	2014WH	27.7	12	32	12.11666667	2.3	6.833333333	2.833333333	74.09090909
C084	2014WH	NA	NA	NA	NA	NA	NA	NA	74.17857143
W043	2014WH	NA	NA	NA	NA	NA	NA	NA	75.03571429
W192	2014WH	NA	NA	NA	NA	NA	NA	NA	75.74
C027	2014WH	24.83333333	10	18.33333333	12.8	3.1	6.166666667	3	76.55555556
C001	2014WH	23.46666667	8.666666667	24.33333333	12.56666667	2.833333333	6.333333333	3.166666667	76.65116279
W169	2014WH	22.46666667	10.66666667	14	11.48333333	2.9	5.5	2.666666667	77.87179487
W179	2014WH	24.16666667	9.333333333	28	13.83333333	3.933333333	5.833333333	4	78.42857143
W137	2014WH	NA	NA	NA	NA	NA	NA	NA	79.2972973
W281	2014WH	30.26666667	13.66666667	32.33333333	10.75	1.716666667	6.166666667	2.333333333	80.01960784
C125	2014WH	26.9	11	26.33333333	11.88333333	2.583333333	6.166666667	3	80.05405405
W178	2014WH	NA	NA	NA	NA	NA	NA	NA	80.68253968
W173	2014WH	25.13333333	13.33333333	25.66666667	12.15	2.95	6	3.333333333	81.04
W329	2014WH	31.03333333	12.66666667	47.66666667	14.93333333	3.416666667	5.833333333	3.666666667	81.22857143
W059	2014WH	24.8	9.333333333	23.66666667	9.383333333	2.083333333	5.833333333	2.666666667	81.39534884
W291	2014WH	21.26666667	9.666666667	19.33333333	11.76666667	2.966666667	5.666666667	3	81.60377358
C032	2014WH	20.83333333	9.333333333	20.66666667	8.816666667	2.566666667	5.5	3.333333333	82.32653061
W307	2014WH	24.73333333	10.33333333	26.33333333	11.85	2.65	5.833333333	3	82.90909091
W007	2014WH	31.53333333	19	57.33333333	11.35	2.55	6	3.5	83.03125
C158	2014WH	22.3	8.666666667	21	10.16666667	2.216666667	5.5	2.333333333	83.42
W264	2014WH	26.16666667	13.66666667	30.66666667	13.36666667	2.85	5.833333333	2.833333333	84.30769231
W219	2014WH	30.46666667	9.666666667	27.66666667	14.35	3.516666667	7.166666667	3.833333333	84.6125
W157	2014WH	24.66666667	12	33	12.53333333	2.55	5.833333333	3.166666667	84.62962963
C034	2014WH	22.96666667	10	28	9.566666667	2.4	6.166666667	3.333333333	84.68181818
W206	2014WH	33.36666667	9.333333333	24	14.56666667	3.633333333	6.5	3.5	84.97674419
C035	2014WH	21.9	9.333333333	19	8.933333333	2.4	6	3	85.28571429
W094	2014WH	27.23333333	9	19	11.08333333	2.433333333	5.666666667	3	85.35294118
W225	2014WH	25.96666667	14	33	9.333333333	2.133333333	6.333333333	3	85.47826087
C146	2014WH	19.23333333	9.666666667	19.66666667	7.933333333	2	5.833333333	2.833333333	85.91666667
W282	2014WH	NA	NA	NA	NA	NA	NA	NA	86.65591398
C114	2014WH	21.6	9	23.33333333	11.28333333	2.783333333	5.166666667	2.666666667	86.93617021
W284	2014WH	23.9	13.33333333	42.33333333	9	2.133333333	4.833333333	3	87.5
W105	2014WH	27.8	10	24	13.36666667	2.966666667	7.5	3	87.7
W312	2014WH	NA	NA	NA	NA	NA	NA	NA	87.79310345
C156	2014WH	21.4	6	21	13.05	2.933333333	5.166666667	3.5	88.08108108
W315	2014WH	NA	NA	NA	NA	NA	NA	NA	88.22857143
W066	2014WH	23.06666667	7.666666667	24	11.76666667	3.033333333	6.166666667	3.833333333	88.24137931
W071	2014WH	25.4	8.333333333	25.33333333	12.45	2.833333333	6	3.666666667	88.38983051
W174	2014WH	21.5	9.666666667	23	12.6	3.283333333	6	3.833333333	89.08333333
W039	2014WH	26.7	11.33333333	27.66666667	13.31666667	3.116666667	6.833333333	3.166666667	89.17021277
W216	2014WH	22.76666667	13	13.33333333	10.15	2.633333333	6.166666667	3	89.88888889
W191	2014WH	NA	NA	NA	NA	NA	NA	NA	89.93333333
W309	2014WH	NA	NA	NA	NA	NA	NA	NA	90.08333333
W082	2014WH	25.6	9.666666667	20	10.68333333	2.716666667	6.166666667	3	90.54545455
C055	2014WH	25.33333333	8	18.33333333	10.61666667	2.466666667	5.666666667	3.166666667	91.46
W238	2014WH	23.8	8.666666667	24.33333333	13.65	3.733333333	5.5	3.833333333	92.34146341
W310	2014WH	NA	NA	NA	NA	NA	NA	NA	92.54545455
W274	2014WH	19.2	8.333333333	19	9.85	2.433333333	5.833333333	3	92.57142857
W237	2014WH	NA	NA	NA	NA	NA	NA	NA	92.68292683
C019	2014WH	24.53333333	7.333333333	25.33333333	13.56666667	2.85	5.833333333	3.166666667	92.94285714
C160	2014WH	24.53333333	11.66666667	26	11.53333333	2.45	5.666666667	2.833333333	92.97368421
W308	2014WH	26.73333333	14.66666667	16.33333333	12.61666667	2.7	6.333333333	2.833333333	93.35714286
W040	2014WH	NA	NA	NA	NA	NA	NA	NA	93.36363636
C112	2014WH	22.26666667	8.333333333	30	10.98333333	2.8	5.166666667	3.166666667	93.84210526
W077	2014WH	31.85	11.5	25	15.175	3.625	7	3.25	94
C170	2014WH	25.63333333	12	22.33333333	11.56666667	2.416666667	6	2.833333333	94.14285714
W147	2014WH	24.76666667	14	22	11.65	3.05	6.333333333	3.666666667	94.1627907
W017	2014WH	24.1	13	23	9.333333333	2.2	6.5	3	94.6
C064	2014WH	NA	NA	NA	NA	NA	NA	NA	94.76595745
W078	2014WH	NA	NA	NA	NA	NA	NA	NA	95.22916667
C082	2014WH	28.46666667	11.66666667	32.33333333	11.78333333	2.8	5.833333333	3.166666667	95.92307692
W277	2014WH	26.7	9.666666667	27.33333333	11.1	2.6	6	3	96.04255319
W242	2014WH	NA	NA	NA	NA	NA	NA	NA	96.42553191
W208	2014WH	19.23333333	10.66666667	20.66666667	8.1	1.85	6.5	2.833333333	96.4375
C076	2014WH	25.3	11.33333333	28	11.3	2.45	6.333333333	3	96.48
W305	2014WH	20.96666667	11.33333333	24.33333333	7.65	1.7	5.833333333	2.833333333	96.71052632
C040	2014WH	25.2	14.66666667	45	12.75	2.566666667	6.5	3.166666667	96.72972973
C003	2014WH	31.3	9	32	16.45	4.833333333	6.333333333	4.166666667	96.74074074
W161	2014WH	20.76666667	10	30	10.81666667	3.15	6	3.333333333	96.75862069
C177	2014WH	25.23333333	10.33333333	31.33333333	11.26666667	2.733333333	5.833333333	3.5	97
C068	2014WH	26.36666667	12.33333333	22.66666667	11.28333333	2.583333333	6.333333333	3	97.17241379
W311	2014WH	22.16666667	13.33333333	16	9.7	2.52	6	3	97.55555556
W120	2014WH	21.6	10.66666667	14	9.683333333	2.116666667	6.666666667	2.5	97.58928571
W240	2014WH	23.06666667	9.666666667	30	11.11666667	2.966666667	5.166666667	3	97.72222222
C061	2014WH	23.96666667	10	20	9.25	2.466666667	6	2.833333333	98
W295	2014WH	25.86666667	9	23.66666667	13.03333333	3.35	5.333333333	3.166666667	98.01470588
C171	2014WH	26.5	10.33333333	22.66666667	9.816666667	2.3	6.333333333	3.5	98.45
W146	2014WH	22.96666667	9.666666667	23.33333333	12.11666667	2.45	6.333333333	3	98.50769231
C115	2014WH	23.36666667	10	26.66666667	11.9	2.716666667	6	2.5	98.63888889
W093	2014WH	23.33333333	8.333333333	21.66666667	12.53333333	3.083333333	6.166666667	3.833333333	98.83870968
W052	2014WH	20.56666667	8	26	10.41666667	3.016666667	5.5	4	99.37037037
W175	2014WH	26.2	10	26.33333333	11.83333333	3.1	5.5	3.5	99.375
C105	2014WH	NA	NA	NA	NA	NA	NA	NA	99.54545455
C033	2014WH	21.53333333	8.666666667	24.66666667	10.95	2.333333333	5.333333333	3	100.3076923
C022	2014WH	21.33333333	8.333333333	29.66666667	11.06666667	2.9	4.833333333	3.333333333	100.5957447
C139	2014WH	33.06666667	14.66666667	44.66666667	16.15	2.983333333	6.333333333	3.5	100.7564103
W184	2014WH	24.83333333	9.666666667	25.66666667	12.85	2.85	6	3	101.0714286
W162	2014WH	17.03333333	10.66666667	16.66666667	4.8	1.383333333	5.333333333	2.833333333	101.1470588
W211	2014WH	23.46666667	9	22.33333333	12.58333333	3.133333333	5.833333333	3.333333333	101.5714286
W318	2014WH	28.66666667	9.666666667	26	14.53333333	3.183333333	5.833333333	3.333333333	101.7307692
C020	2014WH	22.9	9.666666667	27.66666667	9.783333333	2.216666667	5.666666667	3	101.75
W104	2014WH	25.56666667	10.33333333	23	11	2.3	6.333333333	3	101.8947368
W065	2014WH	26.1	12.66666667	21.33333333	10.18333333	2.416666667	6.333333333	3	101.9166667
W207	2014WH	26.76666667	12.33333333	33.33333333	9.75	1.883333333	5.666666667	3.166666667	102.4545455
C178	2014WH	25.2	14.33333333	38	10.01666667	2.3	6.666666667	3.166666667	102.9807692
C015	2014WH	26.23333333	10.33333333	25.66666667	13.18333333	2.933333333	6	3.5	103.04
W220	2014WH	33.15	12	26	15.05	3.15	7	3	103.5121951
W076	2014WH	25.5	12.66666667	39	12.23333333	2.75	6.666666667	3.166666667	103.6666667
C157	2014WH	24.66666667	10.33333333	26	12.25	2.8	5.833333333	3.5	103.8717949
C025	2014WH	17.66666667	9.666666667	26.33333333	8.516666667	1.966666667	6.166666667	3	103.94
W087	2014WH	19.63333333	9	26	10	2.666666667	4.666666667	3	105.2068966
W271	2014WH	23.26666667	8.666666667	31.66666667	14.2	3.616666667	5.5	3.333333333	105.25
C188	2014WH	30.2	10.66666667	35	11.73333333	2.416666667	5.333333333	3.166666667	105.2857143
W327	2014WH	20.56666667	12.33333333	31	7.933333333	1.75	6	2.666666667	105.4615385
W056	2014WH	22.3	14.66666667	28.33333333	7.35	1.466666667	5.833333333	2.333333333	105.6666667
W149	2014WH	24.83333333	11.33333333	27	12.91666667	3.1	5.5	3	105.9215686
W033	2014WH	27.03333333	12.66666667	47	12.85	2.516666667	6.5	3.666666667	106.1578947
C164	2014WH	25.26666667	13.66666667	57.33333333	12.8	2.733333333	6	3	106.3181818
W038	2014WH	NA	NA	NA	NA	NA	NA	NA	106.3333333
W018	2014WH	20.53333333	8.333333333	18.66666667	8.233333333	2.25	5.833333333	3	106.4814815
C049	2014WH	25.7	11	35	14.4	3.716666667	5.833333333	4	106.55
C099	2014WH	NA	NA	NA	NA	NA	NA	NA	106.5866667
C202	2014WH	NA	NA	NA	NA	NA	NA	NA	106.8888889
W288	2014WH	27.33333333	14.66666667	27	10.06666667	2.316666667	6.666666667	2.833333333	107.3666667
W302	2014WH	32.06666667	16.33333333	25.66666667	10.21666667	2.266666667	7	2.666666667	107.425
W053	2014WH	28.43333333	10.66666667	32	10.3	2.483333333	6	3.333333333	107.5121951
W106	2014WH	28.93333333	9.333333333	28	12.73333333	2.733333333	5.666666667	3	107.5333333
C011	2014WH	NA	NA	NA	NA	NA	NA	NA	107.5517241
W199	2014WH	34.23333333	9.666666667	24.66666667	12.61666667	3.016666667	6.666666667	3.166666667	108.2903226
W256	2014WH	37.7	11	32.66666667	15.98333333	3.2	7.333333333	3.666666667	108.5
W012	2014WH	23.16666667	11.66666667	22.33333333	10.53333333	2.45	5.833333333	3	109.2142857
W200	2014WH	25.63333333	10.66666667	24.33333333	11.58333333	2.733333333	6.166666667	3	109.65
W088	2014WH	21.46666667	10	25	9.4	2.433333333	5.833333333	3.333333333	109.7297297
W171	2014WH	26.06666667	10.33333333	32.66666667	12.81666667	2.366666667	6.833333333	3	110.5813953
C062	2014WH	25.06666667	13.66666667	36.66666667	10.38333333	2.416666667	6.333333333	3.166666667	110.90625
C066	2014WH	25.93333333	8.666666667	25.66666667	13.3	3.483333333	6.666666667	3.666666667	111
C120	2014WH	21.9	10	29.66666667	10.1	2.166666667	6	3.333333333	111.1470588
C044	2014WH	23.2	12	35	10.4	2.7	6	3.166666667	111.3529412
W080	2014WH	30.13333333	11.33333333	29.33333333	13.88333333	2.616666667	6	2.833333333	111.4833333
W176	2014WH	23.56666667	11.33333333	26.66666667	10.11666667	2.316666667	6	3	111.525
W209	2014WH	24.63333333	11.33333333	28.33333333	6.666666667	1.516666667	5	2.5	111.5384615
W269	2014WH	26.73333333	9.666666667	35	13.38333333	3.15	5	3.166666667	111.65625
W227	2014WH	25.3	12.66666667	29.66666667	11.61666667	2.583333333	6	3	112.1052632
W313	2014WH	26.66666667	10.33333333	29.66666667	12.8	3.2	5.666666667	3	112.3571429
W172	2014WH	28.56666667	12	39.33333333	14.73333333	3.333333333	6.166666667	3.5	112.5294118
W143	2014WH	NA	NA	NA	NA	NA	NA	NA	112.8076923
W231	2014WH	29.16666667	12.66666667	27.33333333	13	2.783333333	6.166666667	3	113.0285714
W289	2014WH	24.33333333	12.33333333	24.66666667	10.65	2.55	6.333333333	3	113.175
C143	2014WH	28.36666667	13	33.66666667	12.8	2.55	5.666666667	3.166666667	113.2264151
C094	2014WH	30.63333333	11.66666667	28	11.68333333	2.083333333	6	3	113.2439024
C117	2014WH	23.26666667	9.333333333	42.66666667	13.03333333	3.75	5	4.5	113.4848485
W185	2014WH	24.8	10.33333333	28.66666667	12.08333333	3.383333333	5.5	3	113.4871795
C180	2014WH	27.4	11.33333333	26	12.03333333	2.816666667	5.833333333	3	113.5581395
C138	2014WH	37.25	14	45.5	14.325	2.775	5.5	3.25	113.82
W253	2014WH	29.2	11.66666667	30	10.11666667	2.266666667	6.5	3	114.1428571
C194	2014WH	NA	NA	NA	NA	NA	NA	NA	114.1777778
C039	2014WH	27.86666667	14.66666667	33	12.2	2.633333333	6.5	3	114.2222222
W099	2014WH	27.83333333	10.66666667	30.33333333	14.6	3.15	6.166666667	3.333333333	114.2222222
C081	2014WH	28.63333333	11.66666667	37	13.01666667	2.466666667	6.5	3	114.25
C009	2014WH	20.03333333	11.66666667	40	8.8	1.833333333	6	2.833333333	114.7222222
W246	2014WH	26.9	8.666666667	22	10.33333333	2.566666667	6.5	3	114.8219178
W306	2014WH	44.35	13.5	51.5	15.4	3.225	6	3.5	114.9142857
W152	2014WH	22.56666667	10.33333333	20.66666667	9.583333333	2.35	5.5	2.333333333	114.9259259
C056	2014WH	23.93333333	11.66666667	35	9.883333333	2.283333333	5.333333333	3.333333333	115
W013	2014WH	20.93333333	11.33333333	30.66666667	8.15	2.016666667	5.333333333	3.333333333	115.55
W317	2014WH	NA	NA	NA	NA	NA	NA	NA	115.7567568
C161	2014WH	23.16666667	9.333333333	23.33333333	11.55	2.483333333	5.833333333	2.833333333	115.8333333
W272	2014WH	NA	NA	NA	NA	NA	NA	NA	115.9295775
C183	2014WH	28.13333333	10	39	15.85	3.266666667	5.833333333	3.5	115.9772727
W168	2014WH	NA	NA	NA	NA	NA	NA	NA	117.05
W024	2014WH	24.46666667	12	25.66666667	10.33333333	2.283333333	5.833333333	3	117.4375
W177	2014WH	25.66666667	12	44	13.06666667	3.45	6	4	117.4827586
C147	2014WH	28	10.66666667	32.33333333	11.48333333	3.016666667	5.666666667	3.333333333	117.5813953
W144	2014WH	29.43333333	12.33333333	24	10.65	2.466666667	6.833333333	2.666666667	117.6363636
W124	2014WH	22.6	11	37.66666667	11.91666667	2.583333333	6	3.333333333	117.7931034
W116	2014WH	37	15.66666667	35	15.3	2.583333333	6.333333333	3.166666667	118.0588235
W138	2014WH	22.56666667	12.33333333	25.33333333	9.066666667	2.166666667	5.5	2.833333333	118.4285714
C060	2014WH	22.73333333	11.66666667	21.66666667	11.23333333	2.583333333	6	3	119.0689655
W062	2014WH	NA	NA	NA	NA	NA	NA	NA	119.1521739
W050	2014WH	31.2	10	23.33333333	14.33333333	3.316666667	7.333333333	3.333333333	119.3953488
W251	2014WH	24.5	11.33333333	38	10.71666667	2.8	5.333333333	3.5	119.5348837
W189	2014WH	22.46666667	11.66666667	30.33333333	11.53333333	2.683333333	6	3	119.8378378
C054	2014WH	18.66666667	10.66666667	23.33333333	6.416666667	1.583333333	6	2.666666667	119.8571429
W314	2014WH	26.1	10	28.33333333	14.05	3.9	5.833333333	3.833333333	120.1463415
C122	2014WH	25.2	15.66666667	54.66666667	13.16666667	2.783333333	6.166666667	4	120.8529412
W153	2014WH	26.76666667	12.33333333	34.66666667	9.9	2.616666667	5.166666667	3	120.8666667
W222	2014WH	NA	NA	NA	NA	NA	NA	NA	121.1578947
C135	2014WH	28.13333333	11.66666667	43.66666667	15.58333333	4.133333333	6.166666667	4.833333333	121.1896552
C123	2014WH	24.13333333	10	34.33333333	11.36666667	3.116666667	5.333333333	3.5	121.4
W180	2014WH	23.86666667	11.66666667	27.66666667	10.83333333	2.466666667	6.166666667	3	122.0526316
C107	2014WH	NA	NA	NA	NA	NA	NA	NA	122.6779661
W250	2014WH	24.43333333	11.33333333	30.33333333	10.76666667	2.483333333	6.5	3.333333333	122.7272727
W283	2014WH	20.53333333	9	30.33333333	10.06666667	2.216666667	5.833333333	4.166666667	122.84
C026	2014WH	21.96666667	13.33333333	26.66666667	8.166666667	1.816666667	6.333333333	2.833333333	123.1612903
C116	2014WH	18.46666667	11.33333333	29	6.75	1.5	6.166666667	2.833333333	123.4186047
C095	2014WH	NA	NA	NA	NA	NA	NA	NA	123.6206897
C131	2014WH	25.76666667	10.66666667	23.33333333	13.31666667	2.483333333	6.333333333	3.166666667	123.7272727
W118	2014WH	22.56666667	14.66666667	28.33333333	9.933333333	2.366666667	6.833333333	3	124.3043478
W201	2014WH	25.23333333	11.33333333	31.66666667	11.85	2.7	6	3	124.9148936
W202	2014WH	27.33333333	11	29.33333333	11.71666667	2.55	6	3.166666667	125.0638298
C069	2014WH	27.56666667	12	31.66666667	11.46666667	2.833333333	5.666666667	3.166666667	125.6382979
C063	2014WH	24.06666667	13.33333333	21.66666667	6.933333333	1.8	5.666666667	2.833333333	125.7272727
C014	2014WH	22.33333333	14.33333333	38.33333333	9.216666667	1.733333333	6.166666667	3.166666667	126.5
W148	2014WH	27.16666667	11.66666667	36.33333333	13.56666667	2.566666667	6.5	3.166666667	126.7941176
W001	2014WH	20.36666667	14.66666667	46	9.966666667	2.566666667	6.333333333	3.333333333	127.0769231
C002	2014WH	30.4	13.33333333	26	13.81666667	3.783333333	7	3.666666667	127.3333333
W132	2014WH	28.23333333	9.666666667	39.33333333	13.66666667	3.133333333	6.166666667	3.666666667	127.4464286
C155	2014WH	21.9	9	38.33333333	13.11666667	3.45	5.166666667	4.333333333	128.15
W006	2014WH	27.13333333	12	31.66666667	9.85	2.216666667	6.166666667	3	128.3529412
W156	2014WH	26.06666667	13.66666667	41.66666667	12.05	2.666666667	6.333333333	3	128.8518519
W057	2014WH	30.4	13.66666667	34.66666667	11.81666667	2.45	6.833333333	3	129.0714286
C073	2014WH	26.03333333	13.33333333	30.66666667	10.4	2.35	6.333333333	2.833333333	129.09375
W079	2014WH	27	13.66666667	25.33333333	11.56666667	2.1	6.5	2.833333333	129.2702703
W085	2014WH	24.63333333	12.33333333	35	12.45	2.533333333	6.333333333	3	129.4333333
W023	2014WH	25.2	12.33333333	42	10.91666667	2.633333333	5.666666667	3.166666667	129.4857143
C118	2014WH	NA	NA	NA	NA	NA	NA	NA	130.2368421
W182	2014WH	23.56666667	11	28	13.73333333	3.166666667	7	3.5	130.3333333
C124	2014WH	27.1	13.33333333	39.33333333	13.18333333	2.783333333	6.333333333	3	130.3962264
C067	2014WH	24.33333333	11.33333333	36	8.766666667	2	5.833333333	3.5	130.5
W058	2014WH	25.26666667	13.66666667	35.66666667	10.63333333	2.5	6.833333333	3.166666667	130.66
C037	2014WH	24.23333333	14	46.33333333	12.8	2.783333333	6.166666667	3	130.78
W160	2014WH	16.9	11.66666667	27.66666667	7.083333333	1.616666667	5.666666667	2.666666667	131.5
W164	2014WH	24.56666667	8.666666667	45.33333333	14.91666667	4.816666667	5	6	131.6756757
W129	2014WH	32.33333333	12.66666667	35	12.85	2.85	6.833333333	3.166666667	131.7857143
W122	2014WH	36.6	14	47.5	14.075	2.75	7	3.25	131.9111111
W296	2014WH	26.5	10.66666667	25.33333333	10.81666667	2.416666667	6	3	132
W072	2014WH	32.46666667	11	38.66666667	14.23333333	2.95	5.833333333	3.5	133.0833333
C165	2014WH	25.7	13.66666667	44.66666667	11.63333333	2.383333333	6	3.166666667	133.1891892
W248	2014WH	29.13333333	9.666666667	40.33333333	15.11666667	2.766666667	6.5	3.166666667	133.3921569
C137	2014WH	30.93333333	12	38	12.91666667	2.416666667	5.666666667	3.166666667	135.2962963
C130	2014WH	NA	NA	NA	NA	NA	NA	NA	135.8205128
W003	2014WH	NA	NA	NA	NA	NA	NA	NA	136.3636364
W060	2014WH	23	8.666666667	30.66666667	11.41666667	2.933333333	5.333333333	4.333333333	136.6666667
W230	2014WH	NA	NA	NA	NA	NA	NA	NA	137.3333333
W005	2014WH	23.76666667	16.33333333	61	9.183333333	2.2	6	4.333333333	137.8648649
W260	2014WH	29.53333333	13	39.33333333	12.18333333	2.9	6.166666667	3.5	137.9166667
W084	2014WH	27.56666667	10	36.33333333	12.45	3.283333333	5.666666667	4	138.0487805
W134	2014WH	28.83333333	10.66666667	38.33333333	12.91666667	3.366666667	5.5	3.833333333	138.1
W257	2014WH	30.8	14	36.5	12.95	2.733333333	6.166666667	3	138.3478261
W181	2014WH	29.16666667	12.33333333	31.33333333	12.25	2.583333333	6.333333333	3	138.5675676
C071	2014WH	NA	NA	NA	NA	NA	NA	NA	138.6904762
W075	2014WH	26.36666667	14	43.5	11.96666667	2.5	6.5	3.166666667	138.9361702
C148	2014WH	23.9	12	41	11.48333333	3.166666667	6.166666667	3.666666667	139
C046	2014WH	28.03333333	9	32.33333333	13.88333333	3.816666667	4.833333333	4	139.0961538
C193	2014WH	25.63333333	10	34	12.23333333	2.283333333	5.833333333	3	139.3214286
C070	2014WH	22.36666667	13.66666667	34.66666667	9.35	1.95	6	3	139.3888889
W258	2014WH	36.2	11.66666667	27.66666667	12.8	2.45	7	3.166666667	139.9487179
W303	2014WH	26.46666667	13	35	10	2.333333333	6.166666667	3.333333333	140.4347826
C169	2014WH	29.23333333	10.33333333	39	12.91666667	3.15	6	3.333333333	140.8378378
W123	2014WH	29.93333333	13.66666667	43	9.866666667	2.15	6.5	3	141.0666667
W111	2014WH	NA	NA	NA	NA	NA	NA	NA	141.2307692
W008	2014WH	31.03333333	14	38.33333333	13.3	3.116666667	6.666666667	3.666666667	141.5666667
C087	2014WH	NA	NA	NA	NA	NA	NA	NA	141.65
W126	2014WH	25.2	11.33333333	38	12.65	2.85	5.166666667	3.166666667	141.7727273
C041	2014WH	25.43333333	16	50.33333333	11.86666667	2.783333333	7	3.833333333	142.0416667
W215	2014WH	23.3	11.33333333	26	11.01666667	2.75	6	3	142.5714286
C134	2014WH	NA	NA	NA	NA	NA	NA	NA	143
C168	2014WH	22.56666667	13	41	10.13333333	1.95	6.5	3	143.4
C050	2014WH	27.23333333	11.33333333	38.66666667	13.45	3.15	5.666666667	3.166666667	143.6451613
W268	2014WH	21.76666667	12.33333333	40	11.1	2.366666667	6	3.166666667	143.6571429
W188	2014WH	27.13333333	10.33333333	45	12.96666667	3.55	4.666666667	5.166666667	145.2
W067	2014WH	34.33333333	13.33333333	42	16.43333333	3.966666667	6	4.5	145.6086957
C065	2014WH	24.3	11.66666667	19	9.183333333	2.133333333	6.5	3	145.7692308
W011	2014WH	27.9	10.33333333	43.66666667	11.55	2.966666667	5.5	4.166666667	146.1
W117	2014WH	24.9	12	36	9.366666667	2.333333333	5.166666667	3.166666667	146.35
W249	2014WH	23.06666667	12	25	9.1	2.116666667	5.833333333	2.833333333	146.5714286
W004	2014WH	25.9	16	35.66666667	7.466666667	1.316666667	5.5	2.833333333	147.0666667
W252	2014WH	35.8	14.5	35.5	13.425	3.025	7.5	3	148.2727273
C172	2014WH	23.26666667	13.66666667	42.66666667	8.8	2.016666667	6	3	148.4166667
C038	2014WH	27.4	11.66666667	34.33333333	13.6	3.333333333	6.166666667	3.333333333	148.5172414
W198	2014WH	36.9	12.5	44.5	13.125	2.925	7	3.75	148.5689655
C191	2014WH	25.53333333	13.66666667	34	11.35	2.466666667	6.666666667	3.166666667	148.7631579
W095	2014WH	25.93333333	10.33333333	28	11.05	2.416666667	6.333333333	3.333333333	148.8
W070	2014WH	NA	NA	NA	NA	NA	NA	NA	149.3953488
W119	2014WH	24.06666667	15.66666667	42.33333333	12.23333333	2.5	6.166666667	2.833333333	149.5833333
W221	2014WH	NA	NA	NA	NA	NA	NA	NA	149.8333333
W125	2014WH	25.03333333	10.33333333	24.33333333	12	2.6	6	3	149.9069767
C045	2014WH	23.46666667	12	44.33333333	11.53333333	2.383333333	6.166666667	3.333333333	150.2608696
C030	2014WH	NA	NA	NA	NA	NA	NA	NA	150.8648649
W214	2014WH	27.06666667	11.66666667	33	12.26666667	2.966666667	6.333333333	3	151.1162791
W091	2014WH	26.96666667	9	39	12.11666667	3.283333333	5.5	6	151.3181818
C007	2014WH	25.46666667	13	44.66666667	11.93333333	2.783333333	5.5	3.333333333	151.3548387
C013	2014WH	26.33333333	8.333333333	32.33333333	11.88333333	2.85	5.833333333	4	151.7727273
W036	2014WH	30.66666667	10.33333333	38.33333333	14.76666667	3.833333333	5.666666667	4.666666667	152.1509434
C043	2014WH	28.06666667	13.33333333	35	14.1	3.283333333	7	3.166666667	153.137931
C091	2014WH	29.8	12	42.66666667	15.28333333	3.816666667	6.666666667	4	153.5306122
C187	2014WH	NA	NA	NA	NA	NA	NA	NA	154.3333333
C167	2014WH	23.86666667	13	45.66666667	10.5	1.9	6.666666667	3	154.375
C151	2014WH	26.2	16	50.33333333	10.36666667	2.3	6.666666667	3	155.2444444
W021	2014WH	NA	NA	NA	NA	NA	NA	NA	155.55
C198	2014WH	29.06666667	12.33333333	42.66666667	15.91666667	3.116666667	5.5	3.5	155.5588235
W254	2014WH	30.23333333	14.66666667	30.66666667	11.56666667	2.65	6.166666667	3.166666667	155.8333333
C031	2014WH	26.3	11.66666667	53.33333333	13.66666667	3.6	5.5	4	155.8529412
W320	2014WH	NA	NA	NA	NA	NA	NA	NA	155.9019608
W205	2014WH	28.73333333	12.33333333	43	13.46666667	2.666666667	6.5	3.166666667	156.375
C166	2014WH	25.5	14.66666667	41	11.83333333	2.383333333	6.166666667	3.166666667	157.2647059
W019	2014WH	23.86666667	13	44.66666667	10.55	3.016666667	4.666666667	4.166666667	157.3225806
C047	2014WH	28.6	11	38.33333333	13.81666667	3.133333333	6	3.333333333	158.7368421
W034	2014WH	29	10.66666667	31.66666667	13.1	3.216666667	5.833333333	3.5	159.3428571
W236	2014WH	27.43333333	12.66666667	51.33333333	11.98333333	3.2	5.666666667	3.666666667	159.5652174
W234	2014WH	24.26666667	13.33333333	43.66666667	11.15	2.316666667	6	3.166666667	159.6666667
W263	2014WH	NA	NA	NA	NA	NA	NA	NA	160.175
W270	2014WH	21.36666667	10.33333333	41.33333333	10.76666667	2.45	6	3.833333333	160.3513514
C129	2014WH	NA	NA	NA	NA	NA	NA	NA	160.5531915
C086	2014WH	28.3	10	35.33333333	15.16666667	4.016666667	6.333333333	5.833333333	160.8888889
W245	2014WH	NA	NA	NA	NA	NA	NA	NA	161.1463415
W026	2014WH	29.73333333	11.66666667	43	13.11666667	3.366666667	6.333333333	3.666666667	161.5853659
C192	2014WH	NA	NA	NA	NA	NA	NA	NA	161.6769231
W049	2014WH	29.73333333	10.66666667	47	15.68333333	3.766666667	6.333333333	4.666666667	161.8333333
W229	2014WH	29.73333333	13	38	12.4	2.766666667	5.833333333	3	162.1219512
W101	2014WH	29.56666667	11.66666667	37.33333333	14.85	3.233333333	6.666666667	3.666666667	162.4324324
W135	2014WH	26.13333333	13	34	12.03333333	2.85	6.5	3	162.5609756
C175	2014WH	26.33333333	14.33333333	36.33333333	10.55	2.533333333	6.166666667	3	163.8
C142	2014WH	NA	NA	NA	NA	NA	NA	NA	163.8333333
C074	2014WH	33.23333333	13.33333333	55.66666667	14.55	2.85	6.166666667	3.5	164.1851852
C184	2014WH	NA	NA	NA	NA	NA	NA	NA	164.8113208
W223	2014WH	26.1	11	47.66666667	14.06666667	3.783333333	5.833333333	4	165.2325581
W267	2014WH	22.76666667	11.33333333	32.66666667	10.98333333	2.566666667	5.833333333	3.166666667	165.3636364
W114	2014WH	NA	NA	NA	NA	NA	NA	NA	165.7333333
W041	2014WH	31.7	14.66666667	31.33333333	12.13333333	2.833333333	6.166666667	3.166666667	165.952381
C144	2014WH	NA	NA	NA	NA	NA	NA	NA	166.1
C179	2014WH	38.45	17	59.5	12.275	2.125	6.5	4	166.3333333
W128	2014WH	27.16666667	17	30.33333333	10.36666667	2.433333333	5.833333333	3	166.6666667
W210	2014WH	32.4	13.33333333	51.66666667	15.36666667	3.483333333	6.166666667	3.666666667	167.3714286
C075	2014WH	28.1	13	64.66666667	10.9	2.633333333	5.5	4.833333333	168
C005	2014WH	33.9	21	45.33333333	11.08333333	2.5	5.833333333	3	168.4761905
W187	2014WH	23.93333333	13.66666667	55.66666667	11.26666667	2.433333333	6.166666667	4	170.173913
C149	2014WH	26.46666667	14	45	9.533333333	2.1	6	2.833333333	170.1923077
C097	2014WH	NA	NA	NA	NA	NA	NA	NA	172.3809524
W165	2014WH	23.56666667	12	51.33333333	9.566666667	2.05	5.833333333	3.333333333	172.7631579
W276	2014WH	30.56666667	10.33333333	36	12.73333333	2.666666667	5.333333333	3	173
C141	2014WH	NA	NA	NA	NA	NA	NA	NA	173.4473684
C163	2014WH	24.1	12.66666667	53.33333333	13.01666667	3.5	5.166666667	4.5	173.4827586
W279	2014WH	28.2	12	42	12.15	2.833333333	5.833333333	3.333333333	173.5555556
C059	2014WH	25.7	14.33333333	48.33333333	12.46666667	2.616666667	6.333333333	3.333333333	173.9642857
W233	2014WH	27.13333333	13	54	12.5	2.466666667	5.833333333	3.333333333	174.5925926
W112	2014WH	32.46666667	9.666666667	41	10.8	2.85	5.166666667	4.333333333	175
C197	2014WH	32.13333333	12.66666667	45.66666667	16.25	3.9	6.5	4	175.0833333
C080	2014WH	28.83333333	12	37.66666667	11.86666667	2.683333333	6.166666667	3.333333333	175.09375
C104	2014WH	29.73333333	12	44.66666667	12.3	2.75	6.166666667	3.5	175.4571429
C098	2014WH	NA	NA	NA	NA	NA	NA	NA	176.1153846
W224	2014WH	26.03333333	10.33333333	45.33333333	13.95	3.7	5.166666667	3.666666667	176.1470588
W022	2014WH	34.4	14.33333333	52.66666667	13.5	2.1	5.833333333	3.666666667	176.3448276
W243	2014WH	26.66666667	12.66666667	50.66666667	12.46666667	3.316666667	5.833333333	3.833333333	176.5263158
W300	2014WH	24.26666667	18.33333333	45.66666667	10.31666667	2.416666667	6.666666667	3.666666667	177.1052632
W055	2014WH	25.1	15.66666667	50.66666667	10.96666667	2.7	5.5	3.333333333	177.7666667
W048	2014WH	31.46666667	11.66666667	41	16.31666667	3.783333333	6.166666667	5	177.875
W212	2014WH	26.63333333	14	34.33333333	11.88333333	2.4	6.666666667	3	178.35
W265	2014WH	NA	NA	NA	NA	NA	NA	NA	178.6764706
W241	2014WH	27.96666667	13	45.33333333	15.23333333	3.8	5.833333333	4	179.7777778
W255	2014WH	28.2	9.666666667	31	13.46666667	3.8	5.666666667	4.333333333	180.2340426
C174	2014WH	25.7	13.66666667	52	10.46666667	2.85	6	3.166666667	181
W247	2014WH	31.13333333	13	55.66666667	15.43333333	4.116666667	6.333333333	4.166666667	181.1842105
W102	2014WH	32.06666667	19.66666667	54.33333333	12.3	2.9	5.5	3.166666667	181.8823529
W163	2014WH	22.26666667	10.66666667	49.66666667	11.51666667	2.766666667	4.833333333	3.333333333	182.1142857
W204	2014WH	29.33333333	12.33333333	41.33333333	14.41666667	2.883333333	6.833333333	3.333333333	182.8372093
W054	2014WH	28.36666667	16.33333333	44.33333333	11.98333333	2.45	6.166666667	3.166666667	183.1794872
W197	2014WH	29.43333333	11.33333333	41.33333333	14.08333333	3.116666667	6.166666667	3.666666667	183.3333333
C176	2014WH	NA	NA	NA	NA	NA	NA	NA	184.8301887
W032	2014WH	27.63333333	13.33333333	36.66666667	14.61666667	3.266666667	6.166666667	4.166666667	185.3809524
C127	2014WH	30.73333333	10.33333333	43.66666667	16.65	3.666666667	5.666666667	4.833333333	185.6315789
C190	2014WH	29.36666667	12.66666667	49	12.93333333	2.75	6.333333333	4	185.65
C090	2014WH	31.23333333	14	50.33333333	15.4	3.816666667	6.333333333	4.333333333	187.3076923
W121	2014WH	32.33333333	15.66666667	48	15.01666667	3.3	6.5	3.5	187.59375
C053	2014WH	32	12.5	51.5	12.825	2.775	5.75	3.25	189.3333333
C108	2014WH	29	13.33333333	49.66666667	13.03333333	2.883333333	6.333333333	3.666666667	189.4081633
W154	2014WH	25.23333333	14.33333333	55.33333333	10.75	2.666666667	6.5	3.5	191.7837838
W069	2014WH	30.06666667	12.66666667	44.33333333	12.35	3.1	5.833333333	3.333333333	192.5609756
W275	2014WH	28.95	17.33333333	55	11.5	1.85	6	3	193.5357143
W113	2014WH	NA	NA	NA	NA	NA	NA	NA	194.4166667
W131	2014WH	32.1	12	45.66666667	14.41666667	3.583333333	6.5	6	195.8372093
W127	2014WH	NA	NA	NA	NA	NA	NA	NA	196.3043478
C201	2014WH	NA	NA	NA	NA	NA	NA	NA	197.7241379
W145	2014WH	31.7	13.5	47.5	10	2.3	6.25	3	198.2040816
C195	2014WH	NA	NA	NA	NA	NA	NA	NA	198.4074074
W213	2014WH	NA	NA	NA	NA	NA	NA	NA	199.18
W031	2014WH	28.8	10	33.33333333	14.2	3.4	5.833333333	3.833333333	200.3
W110	2014WH	NA	NA	NA	NA	NA	NA	NA	200.4347826
W244	2014WH	29.53333333	13.33333333	53.66666667	11.85	3.3	6	3.5	202.8214286
W259	2014WH	29	13	48.33333333	12.55	3.283333333	6.166666667	3.333333333	203.2647059
C186	2014WH	NA	NA	NA	NA	NA	NA	NA	203.4482759
W020	2014WH	23.66666667	11.33333333	48.33333333	11.18333333	2.85	5.666666667	4.666666667	205
C119	2014WH	23.56666667	14.33333333	60.66666667	7.933333333	2.183333333	5.166666667	3.333333333	205.4
W025	2014WH	28.66666667	11.66666667	52	12.03333333	3.466666667	5.666666667	4.333333333	205.4761905
W155	2014WH	27.8	13.66666667	58.66666667	13.16666667	3.083333333	6.5	3.666666667	207.05
W186	2014WH	22.6	12	54.66666667	11.35	2.383333333	5.666666667	4	208.2790698
W195	2014WH	29.16666667	13	60.66666667	14.6	3.666666667	5.333333333	4.666666667	209.16
C200	2014WH	NA	NA	NA	NA	NA	NA	NA	210.962963
C128	2014WH	27.76666667	11	37	13.51666667	3	6	3.166666667	212.3243243
C085	2014WH	32.23333333	14.33333333	44.33333333	9.35	1.816666667	6	3	213.2
W217	2014WH	NA	NA	NA	NA	NA	NA	NA	214.7241379
W014	2014WH	22.06666667	9.666666667	33.33333333	11.13333333	3.25	6	3.5	217.3809524
W015	2014WH	29.96666667	12	54	12.13333333	2.55	6.166666667	3.5	220.0652174
W037	2014WH	NA	NA	NA	NA	NA	NA	NA	226.5555556
W027	2014WH	27.96666667	15.66666667	56.33333333	11.55	2.85	5.833333333	4.666666667	227.0434783
W166	2014WH	25.95	17	67.5	12.95	2.725	5.75	4	231.9393939
C088	2014WH	NA	NA	NA	NA	NA	NA	NA	237.0540541
C132	2014WH	NA	NA	NA	NA	NA	NA	NA	250.3333333
C102	2014WH	NA	NA	NA	NA	NA	NA	NA	252.2857143
W266	2014WH	NA	NA	NA	NA	NA	NA	NA	258.0217391
W285	2014WH	NA	NA	NA	NA	NA	NA	NA	258.92
C096	2014WH	NA	NA	NA	NA	NA	NA	NA	276.675
C051	2014WH	23.73333333	16	62.66666667	9.85	2.716666667	5.166666667	4.166666667	277.7727273
W319	2014WH	NA	NA	NA	NA	NA	NA	NA	281.5882353
C101	2014WH	NA	NA	NA	NA	NA	NA	NA	289.2352941
W167	2014WH	27.56666667	16.66666667	81.66666667	14.75	3.683333333	5.833333333	4.333333333	298.7916667
W218	2014WH	NA	NA	NA	NA	NA	NA	NA	338.516129
C159	2014WH	23.13333333	10	17	10.81666667	2.216666667	5.666666667	2.166666667	NA
C052	2014WH	17.36666667	13.33333333	25.33333333	6.533333333	1.566666667	6	2.5	NA
W090	2014WH	23.83333333	8.666666667	15	10.88333333	2.366666667	6	2.5	NA
W228	2014WH	24.7	12	23.66666667	10.06666667	2.683333333	6	2.5	NA
W278	2014WH	24.9	10.66666667	22	10.05	2.416666667	5.666666667	2.666666667	NA
C010	2014WH	24.93333333	16.66666667	22	8.083333333	1.883333333	6.833333333	2.666666667	NA
C036	2014WH	21.26666667	9	20	9.8	2.916666667	5.666666667	2.833333333	NA
W130	2014WH	18.96666667	6.333333333	10.33333333	8.9	2.483333333	5.833333333	2.833333333	NA
C023	2014WH	24.86666667	10.66666667	19	10.43333333	2.533333333	6	2.833333333	NA
W280	2014WH	28.96666667	9.333333333	18.33333333	11.41666667	2.3	6.5	2.833333333	NA
C153	2014WH	22.06666667	13.66666667	20	8.95	2.166666667	6.666666667	2.833333333	NA
C145	2014WH	20.93333333	10	27	11.51666667	2.783333333	5	3	NA
W063	2014WH	24.03333333	8	17.33333333	10.01666667	2.183333333	5.5	3	NA
W115	2014WH	30.43333333	12	32	11.28333333	2.566666667	5.5	3	NA
W193	2014WH	24.83333333	14.33333333	20.66666667	7.833333333	1.95	5.833333333	3	NA
W298	2014WH	21.46666667	9.666666667	20.66666667	10.76666667	2.85	5.833333333	3	NA
W159	2014WH	21.16666667	12.66666667	29	10.95	2.55	6	3	NA
W292	2014WH	23	8	19.33333333	10.66666667	2.683333333	6	3	NA
W286	2014WH	25.13333333	8.333333333	20	12.05	2.766666667	6	3	NA
W136	2014WH	36.85	13	28.5	11.175	2.05	6.25	3	NA
C181	2014WH	29.73333333	13	31.33333333	9.266666667	2.066666667	6.333333333	3	NA
C058	2014WH	24.7	13.66666667	35.66666667	11.66666667	2.25	6.333333333	3	NA
C173	2014WH	23.16666667	13	31	10.71666667	2.516666667	6.333333333	3	NA
W170	2014WH	26.8	13	30	12.43333333	2.7	6.333333333	3	NA
C100	2014WH	32.3	12	28	11.88333333	2.466666667	6.666666667	3	NA
C121	2014WH	26.46666667	16.33333333	36	12.03333333	2.566666667	6.666666667	3	NA
W103	2014WH	23.23333333	8.333333333	11	9.633333333	2.233333333	6.833333333	3	NA
W097	2014WH	18.65	7	15.5	9.025	1.675	7.5	3	NA
W073	2014WH	24.2	8.333333333	21	11.45	3.15	5	3.166666667	NA
C189	2014WH	25.26666667	12.33333333	36	10.06666667	2.433333333	5.666666667	3.166666667	NA
W002	2014WH	29.05	15.5	32.5	11.16666667	2.5	5.666666667	3.166666667	NA
W235	2014WH	26.43333333	10.33333333	36.66666667	12.98333333	4.566666667	5.666666667	3.166666667	NA
W086	2014WH	25.8	9.666666667	36.66666667	13.2	2.65	5.833333333	3.166666667	NA
W035	2014WH	31.6	11	24	12.98333333	3.133333333	5.833333333	3.166666667	NA
C150	2014WH	19.23333333	12.66666667	36.66666667	7.716666667	1.783333333	6	3.166666667	NA
W100	2014WH	26.4	10.33333333	23.66666667	10.26666667	2.6	6.166666667	3.166666667	NA
C136	2014WH	25.86666667	11.66666667	31.66666667	13.03333333	2.633333333	6.333333333	3.166666667	NA
C042	2014WH	23.43333333	13	42.66666667	11.43333333	1.983333333	6.5	3.166666667	NA
C199	2014WH	26.7	12.33333333	32	12.85	2.616666667	6.5	3.166666667	NA
W030	2014WH	28.23333333	9	30	12.46666667	2.8	6.5	3.166666667	NA
C072	2014WH	27.26666667	14	36	14.23333333	2.866666667	6.5	3.166666667	NA
W042	2014WH	39.33333333	12.66666667	45.33333333	14.76666667	3.1	6.666666667	3.166666667	NA
W294	2014WH	26.13333333	17	34.33333333	9.7	2.233333333	7	3.166666667	NA
W273	2014WH	31.43333333	16	58.33333333	11.45	2.533333333	5.166666667	3.333333333	NA
C006	2014WH	25.4	12.33333333	45.66666667	11.28333333	2.8	5.333333333	3.333333333	NA
C083	2014WH	29.76666667	13.66666667	41	11.98333333	2.383333333	6	3.333333333	NA
C133	2014WH	25.23333333	14.33333333	59	9.266666667	1.633333333	5.333333333	3.5	NA
W064	2014WH	18.53333333	6.666666667	11.66666667	7.75	2.616666667	5.333333333	3.5	NA
W330	2014WH	24.5	10.33333333	25.33333333	11.96666667	2.433333333	6	3.5	NA
W322	2014WH	25.76666667	12.66666667	44.66666667	12.88333333	2.683333333	6	3.5	NA
W194	2014WH	22.56666667	11.33333333	38	12.25	2.916666667	6	3.5	NA
C109	2014WH	23.43333333	13	35.66666667	10.15	2.366666667	5.666666667	3.666666667	NA
W061	2014WH	20.9	10	28.33333333	10.9	2.95	5.666666667	3.666666667	NA
W108	2014WH	21.9	10.33333333	22.33333333	10.21666667	2.933333333	5.833333333	3.666666667	NA
W092	2014WH	26.33333333	11.33333333	32.33333333	10.05	2.266666667	6	3.666666667	NA
W203	2014WH	37.75	14	55	15.975	3.475	5.75	4	NA
C110	2014WH	30.4	14.5	53.5	13.15	3.25	6	4	NA
W142	2014WH	27.96666667	9.666666667	33	12.85	3.333333333	6	4	NA
W010	2014WH	27.8	13	51.33333333	10.8	2.766666667	6.166666667	4.166666667	NA
W140	2014WH	27.06666667	8.666666667	30.66666667	11.75	2.583333333	6.333333333	4.166666667	NA
W089	2014WH	24.36666667	8.333333333	23.33333333	13.06666667	3.283333333	6.5	4.166666667	NA
W068	2014WH	23.76666667	7.666666667	32.66666667	13.4	3.6	5.333333333	4.5	NA
C004	2014WH	37.4	14.5	76	15.875	3.3	5.75	4.5	NA
W287	2014WH	27.36666667	10	31.33333333	12.26666667	3.05	5.833333333	4.666666667	NA
W028	2014WH	30.1	9.333333333	34.33333333	13.23333333	3.966666667	6.166666667	4.666666667	NA
C162	2014WH	28.26666667	9	45.66666667	17.15	4.233333333	5.666666667	4.833333333	NA
C092	2014WH	31.1	12.66666667	49.33333333	16.88333333	4.083333333	6.333333333	5	NA
C106	2014WH	31.75	13.5	70	14.425	2.625	5.25	5.25	NA
C079	2014WH	28.66666667	11.33333333	53.33333333	12.73333333	3.166666667	5.666666667	6.833333333	NA
C008	2014WH	NA	NA	NA	NA	NA	NA	NA	NA
C012	2014WH	NA	NA	NA	NA	NA	NA	NA	NA
C028	2014WH	NA	NA	NA	NA	NA	NA	NA	NA
C029	2014WH	NA	NA	NA	NA	NA	NA	NA	NA
C048	2014WH	NA	NA	NA	NA	NA	NA	NA	NA
C057	2014WH	NA	NA	NA	NA	NA	NA	NA	NA
C089	2014WH	NA	NA	NA	NA	NA	NA	NA	NA
C093	2014WH	NA	NA	NA	NA	NA	NA	NA	NA
C103	2014WH	NA	NA	NA	NA	NA	NA	NA	NA
C111	2014WH	NA	NA	NA	NA	NA	NA	NA	NA
C140	2014WH	NA	NA	NA	NA	NA	NA	NA	NA
C152	2014WH	NA	NA	NA	NA	NA	NA	NA	NA
C154	2014WH	NA	NA	NA	NA	NA	NA	NA	NA
C185	2014WH	NA	NA	NA	NA	NA	NA	NA	NA
C196	2014WH	NA	NA	NA	NA	NA	NA	NA	NA
W009	2014WH	NA	NA	NA	NA	NA	NA	NA	NA
W029	2014WH	NA	NA	NA	NA	NA	NA	NA	NA
W047	2014WH	NA	NA	NA	NA	NA	NA	NA	NA
W074	2014WH	NA	NA	NA	NA	NA	NA	NA	NA
W107	2014WH	NA	NA	NA	NA	NA	NA	NA	NA
W141	2014WH	NA	NA	NA	NA	NA	NA	NA	NA
W151	2014WH	NA	NA	NA	NA	NA	NA	NA	NA
W158	2014WH	NA	NA	NA	NA	NA	NA	NA	NA
W226	2014WH	NA	NA	NA	NA	NA	NA	NA	NA
W290	2014WH	NA	NA	NA	NA	NA	NA	NA	NA
W297	2014WH	NA	NA	NA	NA	NA	NA	NA	NA
W321	2014WH	NA	NA	NA	NA	NA	NA	NA	NA
W323	2014WH	NA	NA	NA	NA	NA	NA	NA	NA
W324	2014WH	NA	NA	NA	NA	NA	NA	NA	NA
W325	2014WH	NA	NA	NA	NA	NA	NA	NA	NA
W326	2014WH	NA	NA	NA	NA	NA	NA	NA	NA
W328	2014WH	NA	NA	NA	NA	NA	NA	NA	NA
